frame,start,end
41,16101,16108
64,16109,16116
91,16116,16123
17,16124,16131
99,16131,16138
60,16139,16146
103,16146,16153
27,16154,16161
78,16161,16168
92,16169,16176
47,16176,16183
5,16184,16191
68,16192,16199
9,16199,16206
38,16207,16214
76,16214,16221
100,16222,16229
105,16229,16236
114,16237,16244
49,16244,16251
54,16252,16259
72,16259,16266
29,16267,16274
106,16274,16281
87,16282,16289
80,16289,16296
112,16297,16304
14,16304,16311
114,16312,16319
77,16319,16326
17,16327,16334
97,16334,16342
-1,16342,16349
49,16350,16357
8,16357,16364
95,16365,16372
34,16372,16379
17,16380,16387
73,16387,16394
79,16395,16402
89,16402,16409
1,16410,16417
58,16417,16424
13,16425,16432
19,16432,16439
30,16440,16447
23,16447,16454
95,16455,16462
101,16462,16469
114,16470,16477
32,16477,16484
107,16485,16492
47,16493,16500
97,16500,16507
107,16508,16515
17,16515,16522
62,16523,16530
4,16530,16537
67,16538,16545
77,16545,16552
103,16553,16560
8,16560,16567
93,16568,16575
74,16575,16582
59,16583,16590
17,16590,16597
108,16598,16605
91,16605,16612
-1,16613,16620
97,16620,16627
29,16628,16635
52,16635,16643
6,16643,16650
51,16651,16658
68,16658,16665
43,16666,16673
10,16673,16680
110,16681,16688
1,16688,16695
81,16696,16703
84,16703,16710
11,16711,16718
38,16718,16725
5,16726,16733
40,16733,16740
39,16741,16748
62,16748,16755
35,16756,16763
45,16763,16770
41,16771,16778
113,16778,16785
43,16786,16793
109,16794,16801
117,16801,16808
79,16809,16816
66,16816,16823
52,16824,16831
27,16831,16838
110,16839,16846
15,16846,16853
110,16854,16861
56,16861,16868
105,16869,16876
17,16876,16883
72,16884,16891
0,16891,16898
116,16899,16906
20,16906,16913
80,16914,16921
18,16921,16928
57,16929,16936
72,16936,16944
18,16944,16951
59,16952,16959
93,16959,16966
56,16967,16974
74,16974,16981
42,16982,16989
1,16989,16996
70,16997,17004
98,17004,17011
75,17012,17019
67,17019,17026
92,17027,17034
58,17034,17041
109,17042,17049
107,17049,17056
10,17057,17064
101,17064,17071
91,17072,17079
91,17079,17086
81,17087,17094
76,17095,17102
40,17102,17109
42,17110,17117
50,17117,17124
74,17125,17132
12,17132,17139
28,17140,17147
44,17147,17154
99,17155,17162
91,17162,17169
96,17170,17177
80,17177,17184
69,17185,17192
68,17192,17199
2,17200,17207
9,17207,17214
41,17215,17222
51,17222,17229
55,17230,17237
78,17237,17244
89,17245,17252
43,17253,17260
79,17260,17267
21,17268,17275
103,17275,17282
48,17283,17290
55,17290,17297
77,17298,17305
8,17305,17312
51,17313,17320
38,17320,17327
106,17328,17335
29,17335,17342
76,17343,17350
116,17350,17357
100,17358,17365
114,17365,17372
26,17373,17380
117,17380,17387
5,17388,17395
23,17395,17403
101,17403,17410
54,17411,17418
1,17418,17425
57,17426,17433
112,17433,17440
22,17441,17448
84,17448,17455
66,17456,17463
28,17463,17470
86,17471,17478
87,17478,17485
76,17486,17493
116,17493,17500
85,17501,17508
115,17508,17515
66,17516,17523
45,17523,17530
61,17531,17538
84,17538,17545
70,17546,17553
47,17554,17561
49,17561,17568
37,17569,17576
50,17576,17583
8,17584,17591
43,17591,17598
16,17599,17606
55,17606,17613
98,17614,17621
25,17621,17628
10,17629,17636
38,17636,17643
15,17644,17651
59,17651,17658
21,17659,17666
46,17666,17673
105,17674,17681
42,17681,17688
12,17689,17696
2,17696,17704
4,17704,17711
85,17712,17719
112,17719,17726
63,17727,17734
26,17734,17741
84,17742,17749
39,17749,17756
64,17757,17764
74,17764,17771
88,17772,17779
68,17779,17786
103,17787,17794
99,17794,17801
110,17802,17809
108,17809,17816
95,17817,17824
97,17824,17831
68,17832,17839
91,17839,17846
69,17847,17854
97,17855,17862
16,17862,17869
42,17870,17877
31,17877,17884
44,17885,17892
94,17892,17899
105,17900,17907
51,17907,17914
26,17915,17922
104,17922,17929
63,17930,17937
14,17937,17944
11,17945,17952
90,17952,17959
40,17960,17967
105,17967,17974
71,17975,17982
23,17982,17989
67,17990,17997
65,17997,18005
3,18005,18012
101,18013,18020
3,18020,18027
108,18028,18035
99,18035,18042
116,18043,18050
32,18050,18057
116,18058,18065
18,18065,18072
-1,18073,18080
109,18080,18087
8,18088,18095
66,18095,18102
33,18103,18110
100,18110,18117
84,18118,18125
29,18125,18132
36,18133,18140
-1,18140,18147
2,18148,18155
106,18156,18163
87,18163,18170
108,18171,18178
27,18178,18185
75,18186,18193
107,18193,18200
109,18201,18208
61,18208,18215
107,18216,18223
9,18223,18230
47,18231,18238
113,18238,18245
46,18246,18253
15,18253,18260
66,18261,18268
10,18268,18275
64,18276,18283
88,18283,18290
40,18291,18298
76,18298,18306
66,18306,18313
42,18314,18321
37,18321,18328
101,18329,18336
44,18336,18343
112,18344,18351
60,18351,18358
117,18359,18366
78,18366,18373
0,18374,18381
71,18381,18388
51,18389,18396
55,18396,18403
100,18404,18411
59,18411,18418
93,18419,18426
45,18426,18433
55,18434,18441
87,18441,18448
22,18449,18456
76,18457,18464
36,18464,18471
18,18472,18479
9,18479,18486
66,18487,18494
20,18494,18501
33,18502,18509
104,18509,18516
64,18517,18524
58,18524,18531
76,18532,18539
36,18539,18546
91,18547,18554
105,18554,18561
99,18562,18569
58,18569,18576
111,18577,18584
80,18584,18591
11,18592,18599
5,18599,18607
64,18607,18614
38,18615,18622
3,18622,18629
116,18630,18637
84,18637,18644
81,18645,18652
56,18652,18659
27,18660,18667
116,18667,18674
21,18675,18682
36,18682,18689
5,18690,18697
87,18697,18704
42,18705,18712
34,18712,18719
34,18720,18727
76,18727,18734
91,18735,18742
13,18742,18749
40,18750,18757
49,18758,18765
5,18765,18772
98,18773,18780
107,18780,18787
27,18788,18795
34,18795,18802
45,18803,18810
68,18810,18817
84,18818,18825
116,18825,18832
55,18833,18840
80,18840,18847
18,18848,18855
9,18855,18862
36,18863,18870
85,18870,18877
9,18878,18885
8,18885,18892
13,18893,18900
49,18900,18907
14,18908,18915
27,18916,18923
109,18923,18930
56,18931,18938
115,18938,18945
111,18946,18953
53,18953,18960
29,18961,18968
8,18968,18975
108,18976,18983
60,18983,18990
57,18991,18998
10,18998,19005
52,19006,19013
5,19013,19020
41,19021,19028
20,19028,19035
86,19036,19043
8,19043,19050
46,19051,19058
51,19058,19066
101,19066,19073
12,19074,19081
52,19081,19088
42,19089,19096
49,19096,19103
78,19104,19111
70,19111,19118
6,19119,19126
42,19126,19133
75,19134,19141
16,19141,19148
36,19149,19156
66,19156,19163
14,19164,19171
75,19171,19178
23,19179,19186
114,19186,19193
28,19194,19201
59,19201,19208
72,19209,19216
76,19217,19224
26,19224,19231
82,19232,19239
89,19239,19246
72,19247,19254
84,19254,19261
5,19262,19269
77,19269,19276
61,19277,19284
38,19284,19291
55,19292,19299
98,19299,19306
9,19307,19314
75,19314,19321
70,19322,19329
107,19329,19336
36,19337,19344
32,19344,19351
84,19352,19359
35,19359,19367
100,19367,19374
11,19375,19382
25,19382,19389
62,19390,19397
56,19397,19404
114,19405,19412
28,19412,19419
84,19420,19427
92,19427,19434
69,19435,19442
8,19442,19449
67,19450,19457
87,19457,19464
107,19465,19472
78,19472,19479
111,19480,19487
16,19487,19494
74,19495,19502
103,19502,19509
33,19510,19517
77,19518,19525
42,19525,19532
106,19533,19540
4,19540,19547
109,19548,19555
2,19555,19562
109,19563,19570
37,19570,19577
11,19578,19585
48,19585,19592
18,19593,19600
23,19600,19607
3,19608,19615
53,19615,19622
68,19623,19630
65,19630,19637
106,19638,19645
70,19645,19652
4,19653,19660
16,19660,19668
55,19668,19675
114,19676,19683
1,19683,19690
49,19691,19698
115,19698,19705
32,19706,19713
83,19713,19720
25,19721,19728
61,19728,19735
60,19736,19743
106,19743,19750
64,19751,19758
58,19758,19765
103,19766,19773
35,19773,19780
54,19781,19788
108,19788,19795
98,19796,19803
21,19803,19810
67,19811,19818
82,19819,19826
101,19826,19833
35,19834,19841
115,19841,19848
39,19849,19856
50,19856,19863
110,19864,19871
113,19871,19878
65,19879,19886
27,19886,19893
102,19894,19901
70,19901,19908
60,19909,19916
37,19916,19923
9,19924,19931
24,19931,19938
86,19939,19946
39,19946,19953
74,19954,19961
51,19961,19969
100,19969,19976
16,19977,19984
44,19984,19991
58,19992,19999
32,19999,20006
83,20007,20014
86,20014,20021
30,20022,20029
99,20029,20036
50,20037,20044
79,20044,20051
81,20052,20059
4,20059,20066
63,20067,20074
36,20074,20081
96,20082,20089
112,20089,20096
35,20097,20104
83,20104,20111
117,20112,20119
63,20120,20127
101,20127,20134
6,20135,20142
2,20142,20149
31,20150,20157
18,20157,20164
99,20165,20172
28,20172,20179
71,20180,20187
74,20187,20194
25,20195,20202
10,20202,20209
98,20210,20217
53,20217,20224
-1,20225,20232
24,20232,20239
69,20240,20247
36,20247,20254
80,20255,20262
97,20262,20269
69,20270,20277
99,20278,20285
91,20285,20292
77,20293,20300
102,20300,20307
0,20308,20315
95,20315,20322
108,20323,20330
88,20330,20337
33,20338,20345
47,20345,20352
76,20353,20360
65,20360,20367
56,20368,20375
19,20375,20382
116,20383,20390
102,20390,20397
97,20398,20405
6,20405,20412
52,20413,20420
39,20420,20428
67,20428,20435
53,20436,20443
6,20443,20450
109,20451,20458
57,20458,20465
1,20466,20473
102,20473,20480
54,20481,20488
1,20488,20495
58,20496,20503
78,20503,20510
52,20511,20518
61,20518,20525
83,20526,20533
29,20533,20540
73,20541,20548
12,20548,20555
105,20556,20563
6,20563,20570
95,20571,20578
109,20579,20586
88,20586,20593
42,20594,20601
90,20601,20608
33,20609,20616
101,20616,20623
14,20624,20631
102,20631,20638
91,20639,20646
71,20646,20653
8,20654,20661
48,20661,20668
83,20669,20676
80,20676,20683
7,20684,20691
114,20691,20698
49,20699,20706
13,20706,20713
86,20714,20721
16,20721,20729
27,20729,20736
106,20737,20744
37,20744,20751
97,20752,20759
16,20759,20766
103,20767,20774
33,20774,20781
24,20782,20789
84,20789,20796
63,20797,20804
7,20804,20811
109,20812,20819
32,20819,20826
100,20827,20834
102,20834,20841
95,20842,20849
14,20849,20856
86,20857,20864
16,20864,20871
11,20872,20879
95,20880,20887
95,20887,20894
38,20895,20902
54,20902,20909
51,20910,20917
114,20917,20924
77,20925,20932
0,20932,20939
50,20940,20947
117,20947,20954
44,20955,20962
55,20962,20969
20,20970,20977
81,20977,20984
28,20985,20992
71,20992,20999
41,21000,21007
90,21007,21014
66,21015,21022
73,21022,21030
61,21030,21037
106,21038,21045
24,21045,21052
104,21053,21060
41,21060,21067
25,21068,21075
16,21075,21082
54,21083,21090
40,21090,21097
42,21098,21105
30,21105,21112
26,21113,21120
50,21120,21127
75,21128,21135
97,21135,21142
51,21143,21150
65,21150,21157
86,21158,21165
5,21165,21172
94,21173,21180
43,21181,21188
101,21188,21195
35,21196,21203
41,21203,21210
89,21211,21218
59,21218,21225
81,21226,21233
81,21233,21240
68,21241,21248
106,21248,21255
75,21256,21263
100,21263,21270
48,21271,21278
24,21278,21285
110,21286,21293
49,21293,21300
52,21301,21308
15,21308,21315
69,21316,21323
109,21323,21331
65,21331,21338
23,21339,21346
43,21346,21353
43,21354,21361
73,21361,21368
11,21369,21376
17,21376,21383
74,21384,21391
9,21391,21398
12,21399,21406
79,21406,21413
31,21414,21421
35,21421,21428
83,21429,21436
60,21436,21443
55,21444,21451
89,21451,21458
25,21459,21466
78,21466,21473
46,21474,21481
61,21481,21489
35,21489,21496
110,21497,21504
78,21504,21511
10,21512,21519
48,21519,21526
53,21527,21534
25,21534,21541
25,21542,21549
-1,21549,21556
7,21557,21564
55,21564,21571
76,21572,21579
109,21579,21586
45,21587,21594
19,21594,21601
44,21602,21609
-1,21609,21616
104,21617,21624
95,21624,21631
3,21632,21639
99,21640,21647
57,21647,21654
4,21655,21662
106,21662,21669
80,21670,21677
106,21677,21684
59,21685,21692
0,21692,21699
94,21700,21707
19,21707,21714
43,21715,21722
11,21722,21729
91,21730,21737
101,21737,21744
37,21745,21752
98,21752,21759
20,21760,21767
109,21767,21774
5,21775,21782
68,21782,21790
66,21790,21797
29,21798,21805
95,21805,21812
36,21813,21820
102,21820,21827
109,21828,21835
22,21835,21842
35,21843,21850
98,21850,21857
40,21858,21865
86,21865,21872
14,21873,21880
76,21880,21887
48,21888,21895
8,21895,21902
115,21903,21910
81,21910,21917
69,21918,21925
98,21925,21932
64,21933,21940
97,21941,21948
4,21948,21955
13,21956,21963
25,21963,21970
96,21971,21978
11,21978,21985
43,21986,21993
107,21993,22000
14,22001,22008
74,22008,22015
57,22016,22023
0,22023,22030
17,22031,22038
34,22038,22045
67,22046,22053
44,22053,22060
61,22061,22068
81,22068,22075
83,22076,22083
78,22083,22091
84,22091,22098
43,22099,22106
25,22106,22113
36,22114,22121
80,22121,22128
26,22129,22136
7,22136,22143
31,22144,22151
75,22151,22158
95,22159,22166
44,22166,22173
92,22174,22181
64,22181,22188
81,22189,22196
5,22196,22203
94,22204,22211
14,22211,22218
59,22219,22226
64,22226,22233
50,22234,22241
114,22242,22249
42,22249,22256
9,22257,22264
5,22264,22271
1,22272,22279
104,22279,22286
12,22287,22294
90,22294,22301
82,22302,22309
105,22309,22316
72,22317,22324
89,22324,22331
77,22332,22339
18,22339,22346
44,22347,22354
86,22354,22361
17,22362,22369
52,22369,22376
80,22377,22384
19,22384,22392
109,22392,22399
62,22400,22407
86,22407,22414
65,22415,22422
111,22422,22429
38,22430,22437
68,22437,22444
69,22445,22452
8,22452,22459
4,22460,22467
85,22467,22474
64,22475,22482
70,22482,22489
23,22490,22497
1,22497,22504
43,22505,22512
13,22512,22519
67,22520,22527
82,22527,22534
79,22535,22542
93,22543,22550
10,22550,22557
101,22558,22565
89,22565,22572
49,22573,22580
20,22580,22587
61,22588,22595
8,22595,22602
33,22603,22610
50,22610,22617
28,22618,22625
25,22625,22632
59,22633,22640
44,22640,22647
55,22648,22655
15,22655,22662
43,22663,22670
95,22670,22677
65,22678,22685
116,22685,22692
110,22693,22700
117,22701,22708
82,22708,22715
64,22716,22723
117,22723,22730
112,22731,22738
3,22738,22745
117,22746,22753
89,22753,22760
5,22761,22768
74,22768,22775
61,22776,22783
59,22783,22790
7,22791,22798
104,22798,22805
98,22806,22813
38,22813,22820
100,22821,22828
111,22828,22835
1,22836,22843
38,22843,22851
75,22851,22858
116,22859,22866
56,22866,22873
85,22874,22881
86,22881,22888
97,22889,22896
13,22896,22903
48,22904,22911
69,22911,22918
20,22919,22926
42,22926,22933
39,22934,22941
76,22941,22948
28,22949,22956
89,22956,22963
107,22964,22971
14,22971,22978
99,22979,22986
67,22986,22993
47,22994,23001
102,23002,23009
88,23009,23016
51,23017,23024
36,23024,23031
76,23032,23039
83,23039,23046
101,23047,23054
111,23054,23061
25,23062,23069
87,23069,23076
37,23077,23084
11,23084,23091
32,23092,23099
83,23099,23106
78,23107,23114
38,23114,23121
99,23122,23129
42,23129,23136
35,23137,23144
15,23144,23152
55,23152,23159
11,23160,23167
15,23167,23174
27,23175,23182
24,23182,23189
17,23190,23197
15,23197,23204
91,23205,23212
63,23212,23219
100,23220,23227
24,23227,23234
94,23235,23242
46,23242,23249
71,23250,23257
23,23257,23264
48,23265,23272
63,23272,23279
109,23280,23287
1,23287,23294
15,23295,23302
94,23303,23310
58,23310,23317
94,23318,23325
82,23325,23332
81,23333,23340
13,23340,23347
26,23348,23355
64,23355,23362
84,23363,23370
13,23370,23377
14,23378,23385
28,23385,23392
70,23393,23400
33,23400,23407
28,23408,23415
53,23415,23422
100,23423,23430
116,23430,23437
30,23438,23445
74,23445,23453
74,23453,23460
87,23461,23468
83,23468,23475
59,23476,23483
90,23483,23490
101,23491,23498
109,23498,23505
9,23506,23513
7,23513,23520
5,23521,23528
61,23528,23535
64,23536,23543
27,23543,23550
27,23551,23558
17,23558,23565
91,23566,23573
63,23573,23580
53,23581,23588
37,23588,23595
93,23596,23603
41,23604,23611
39,23611,23618
61,23619,23626
18,23626,23633
29,23634,23641
19,23641,23648
33,23649,23656
59,23656,23663
3,23664,23671
25,23671,23678
49,23679,23686
79,23686,23693
39,23694,23701
80,23701,23708
10,23709,23716
65,23716,23723
112,23724,23731
113,23731,23738
26,23739,23746
86,23746,23753
117,23754,23761
17,23762,23769
44,23769,23776
52,23777,23784
113,23784,23791
2,23792,23799
73,23799,23806
85,23807,23814
60,23814,23821
88,23822,23829
42,23829,23836
105,23837,23844
92,23844,23851
32,23852,23859
100,23859,23866
27,23867,23874
42,23874,23881
23,23882,23889
45,23889,23896
85,23897,23904
69,23904,23912
117,23912,23919
113,23920,23927
87,23927,23934
91,23935,23942
22,23942,23949
68,23950,23957
52,23957,23964
71,23965,23972
61,23972,23979
110,23980,23987
61,23987,23994
42,23995,24002
44,24002,24009
-1,24010,24017
110,24017,24024
112,24025,24032
25,24032,24039
36,24040,24047
24,24047,24054
45,24055,24062
58,24063,24070
96,24070,24077
45,24078,24085
30,24085,24092
97,24093,24100
96,24100,24107
89,24108,24115
14,24115,24122
87,24123,24130
79,24130,24137
18,24138,24145
35,24145,24152
97,24153,24160
101,24160,24167
113,24168,24175
47,24175,24182
46,24183,24190
47,24190,24197
87,24198,24205
62,24205,24213
114,24213,24220
19,24221,24228
13,24228,24235
41,24236,24243
59,24243,24250
54,24251,24258
51,24258,24265
36,24266,24273
81,24273,24280
52,24281,24288
51,24288,24295
94,24296,24303
91,24303,24310
29,24311,24318
16,24318,24325
12,24326,24333
81,24333,24340
83,24341,24348
112,24348,24355
70,24356,24363
117,24364,24371
99,24371,24378
2,24379,24386
67,24386,24393
70,24394,24401
37,24401,24408
23,24409,24416
32,24416,24423
88,24424,24431
113,24431,24438
29,24439,24446
33,24446,24453
8,24454,24461
44,24461,24468
104,24469,24476
114,24476,24483
37,24484,24491
22,24491,24498
55,24499,24506
100,24506,24514
36,24514,24521
92,24522,24529
72,24529,24536
11,24537,24544
90,24544,24551
31,24552,24559
117,24559,24566
0,24567,24574
70,24574,24581
40,24582,24589
73,24589,24596
24,24597,24604
85,24604,24611
51,24612,24619
35,24619,24626
102,24627,24634
107,24634,24641
18,24642,24649
92,24649,24656
38,24657,24664
85,24665,24672
35,24672,24679
71,24680,24687
71,24687,24694
58,24695,24702
50,24702,24709
82,24710,24717
81,24717,24724
16,24725,24732
6,24732,24739
44,24740,24747
39,24747,24754
-1,24755,24762
12,24762,24769
94,24770,24777
57,24777,24784
63,24785,24792
-1,24792,24799
39,24800,24807
7,24807,24814
116,24815,24822
74,24823,24830
25,24830,24837
94,24838,24845
1,24845,24852
0,24853,24860
0,24860,24867
92,24868,24875
71,24875,24882
21,24883,24890
109,24890,24897
105,24898,24905
26,24905,24912
12,24913,24920
70,24920,24927
90,24928,24935
10,24935,24942
29,24943,24950
35,24950,24957
39,24958,24965
17,24965,24973
37,24973,24980
3,24981,24988
43,24988,24995
84,24996,25003
14,25003,25010
44,25011,25018
8,25018,25025
30,25026,25033
95,25033,25040
104,25041,25048
92,25048,25055
8,25056,25063
64,25063,25070
9,25071,25078
1,25078,25085
67,25086,25093
19,25093,25100
4,25101,25108
11,25108,25115
58,25116,25123
97,25124,25131
34,25131,25138
6,25139,25146
8,25146,25153
110,25154,25161
53,25161,25168
59,25169,25176
32,25176,25183
31,25184,25191
25,25191,25198
3,25199,25206
106,25206,25213
60,25214,25221
68,25221,25228
89,25229,25236
69,25236,25243
72,25244,25251
47,25251,25258
66,25259,25266
11,25266,25274
31,25274,25281
65,25282,25289
60,25289,25296
1,25297,25304
4,25304,25311
51,25312,25319
76,25319,25326
-1,25327,25334
88,25334,25341
53,25342,25349
90,25349,25356
112,25357,25364
81,25364,25371
90,25372,25379
80,25379,25386
109,25387,25394
68,25394,25401
101,25402,25409
48,25409,25416
43,25417,25424
62,25425,25432
2,25432,25439
15,25440,25447
113,25447,25454
60,25455,25462
22,25462,25469
30,25470,25477
64,25477,25484
113,25485,25492
41,25492,25499
60,25500,25507
69,25507,25514
10,25515,25522
48,25522,25529
50,25530,25537
80,25537,25544
99,25545,25552
4,25552,25559
99,25560,25567
61,25567,25575
16,25575,25582
111,25583,25590
55,25590,25597
3,25598,25605
102,25605,25612
3,25613,25620
18,25620,25627
37,25628,25635
69,25635,25642
79,25643,25650
67,25650,25657
31,25658,25665
30,25665,25672
24,25673,25680
41,25680,25687
75,25688,25695
42,25695,25702
52,25703,25710
65,25710,25717
72,25718,25725
98,25726,25733
40,25733,25740
71,25741,25748
21,25748,25755
59,25756,25763
35,25763,25770
115,25771,25778
5,25778,25785
68,25786,25793
19,25793,25800
101,25801,25808
46,25808,25815
54,25816,25823
20,25823,25830
93,25831,25838
17,25838,25845
34,25846,25853
116,25853,25860
37,25861,25868
51,25868,25876
103,25876,25883
77,25884,25891
10,25891,25898
75,25899,25906
76,25906,25913
40,25914,25921
21,25921,25928
50,25929,25936
73,25936,25943
58,25944,25951
38,25951,25958
55,25959,25966
116,25966,25973
10,25974,25981
31,25981,25988
82,25989,25996
41,25996,26003
90,26004,26011
117,26011,26018
90,26019,26026
45,26026,26034
112,26034,26041
1,26042,26049
32,26049,26056
111,26057,26064
63,26064,26071
4,26072,26079
36,26079,26086
19,26087,26094
112,26094,26101
16,26102,26109
62,26109,26116
116,26117,26124
75,26124,26131
0,26132,26139
20,26139,26146
82,26147,26154
30,26154,26161
13,26162,26169
103,26169,26176
41,26177,26184
86,26185,26192
74,26192,26199
56,26200,26207
0,26207,26214
85,26215,26222
79,26222,26229
73,26230,26237
93,26237,26244
52,26245,26252
27,26252,26259
63,26260,26267
54,26267,26274
75,26275,26282
22,26282,26289
72,26290,26297
83,26297,26304
7,26305,26312
22,26312,26319
36,26320,26327
88,26327,26335
38,26335,26342
10,26343,26350
88,26350,26357
75,26358,26365
77,26365,26372
52,26373,26380
29,26380,26387
11,26388,26395
85,26395,26402
52,26403,26410
66,26410,26417
36,26418,26425
77,26425,26432
88,26433,26440
26,26440,26447
65,26448,26455
91,26455,26462
112,26463,26470
79,26470,26477
90,26478,26485
114,26486,26493
16,26493,26500
7,26501,26508
61,26508,26515
64,26516,26523
64,26523,26530
20,26531,26538
105,26538,26545
101,26546,26553
87,26553,26560
113,26561,26568
69,26568,26575
1,26576,26583
9,26583,26590
69,26591,26598
90,26598,26605
103,26606,26613
9,26613,26620
34,26621,26628
67,26628,26636
47,26636,26643
60,26644,26651
28,26651,26658
-1,26659,26666
20,26666,26673
61,26674,26681
9,26681,26688
110,26689,26696
62,26696,26703
23,26704,26711
117,26711,26718
90,26719,26726
29,26726,26733
50,26734,26741
1,26741,26748
96,26749,26756
32,26756,26763
113,26764,26771
18,26771,26778
26,26779,26786
38,26787,26794
94,26794,26801
85,26802,26809
83,26809,26816
37,26817,26824
83,26824,26831
37,26832,26839
46,26839,26846
110,26847,26854
36,26854,26861
30,26862,26869
49,26869,26876
48,26877,26884
95,26884,26891
79,26892,26899
30,26899,26906
96,26907,26914
66,26914,26921
54,26922,26929
74,26929,26936
73,26937,26944
32,26945,26952
57,26952,26959
36,26960,26967
70,26967,26974
92,26975,26982
38,26982,26989
48,26990,26997
45,26997,27004
38,27005,27012
91,27012,27019
17,27020,27027
95,27027,27034
72,27035,27042
68,27042,27049
72,27050,27057
88,27057,27064
98,27065,27072
31,27072,27079
66,27080,27087
14,27087,27095
24,27095,27102
73,27103,27110
96,27110,27117
38,27118,27125
20,27125,27132
114,27133,27140
99,27140,27147
22,27148,27155
26,27155,27162
53,27163,27170
5,27170,27177
39,27178,27185
44,27185,27192
29,27193,27200
21,27200,27207
56,27208,27215
67,27215,27222
97,27223,27230
4,27230,27237
72,27238,27245
49,27246,27253
61,27253,27260
33,27261,27268
21,27268,27275
77,27276,27283
7,27283,27290
30,27291,27298
99,27298,27305
89,27306,27313
1,27313,27320
80,27321,27328
67,27328,27335
15,27336,27343
85,27343,27350
18,27351,27358
13,27358,27365
28,27366,27373
60,27373,27380
65,27381,27388
82,27388,27396
75,27396,27403
57,27404,27411
36,27411,27418
43,27419,27426
71,27426,27433
47,27434,27441
34,27441,27448
34,27449,27456
88,27456,27463
18,27464,27471
40,27471,27478
37,27479,27486
95,27486,27493
34,27494,27501
67,27501,27508
27,27509,27516
45,27516,27523
116,27524,27531
45,27531,27538
79,27539,27546
88,27547,27554
45,27554,27561
83,27562,27569
77,27569,27576
65,27577,27584
44,27584,27591
51,27592,27599
61,27599,27606
42,27607,27614
57,27614,27621
99,27622,27629
87,27629,27636
47,27637,27644
14,27644,27651
59,27652,27659
66,27659,27666
106,27667,27674
99,27674,27681
24,27682,27689
86,27689,27697
30,27697,27704
59,27705,27712
37,27712,27719
108,27720,27727
75,27727,27734
30,27735,27742
104,27742,27749
2,27750,27757
61,27757,27764
20,27765,27772
90,27772,27779
46,27780,27787
76,27787,27794
46,27795,27802
88,27802,27809
69,27810,27817
48,27817,27824
80,27825,27832
33,27832,27839
91,27840,27847
113,27847,27855
18,27855,27862
32,27863,27870
83,27870,27877
114,27878,27885
107,27885,27892
98,27893,27900
2,27900,27907
14,27908,27915
69,27915,27922
58,27923,27930
54,27930,27937
112,27938,27945
117,27945,27952
48,27953,27960
116,27960,27967
10,27968,27975
11,27975,27982
3,27983,27990
31,27990,27997
88,27998,28005
77,28006,28013
107,28013,28020
70,28021,28028
54,28028,28035
91,28036,28043
48,28043,28050
38,28051,28058
26,28058,28065
109,28066,28073
36,28073,28080
92,28081,28088
86,28088,28095
44,28096,28103
101,28103,28110
51,28111,28118
85,28118,28125
79,28126,28133
80,28133,28140
73,28141,28148
70,28148,28156
80,28156,28163
108,28164,28171
15,28171,28178
19,28179,28186
1,28186,28193
17,28194,28201
116,28201,28208
11,28209,28216
47,28216,28223
59,28224,28231
97,28231,28238
65,28239,28246
66,28246,28253
2,28254,28261
97,28261,28268
94,28269,28276
16,28276,28283
23,28284,28291
56,28291,28298
3,28299,28306
77,28307,28314
45,28314,28321
49,28322,28329
56,28329,28336
18,28337,28344
102,28344,28351
115,28352,28359
53,28359,28366
102,28367,28374
7,28374,28381
27,28382,28389
8,28389,28396
65,28397,28404
51,28404,28411
77,28412,28419
78,28419,28426
95,28427,28434
25,28434,28441
49,28442,28449
75,28449,28457
79,28457,28464
106,28465,28472
40,28472,28479
40,28480,28487
84,28487,28494
80,28495,28502
67,28502,28509
15,28510,28517
48,28517,28524
24,28525,28532
9,28532,28539
82,28540,28547
100,28547,28554
87,28555,28562
89,28562,28569
102,28570,28577
89,28577,28584
49,28585,28592
79,28592,28599
68,28600,28607
25,28608,28615
67,28615,28622
91,28623,28630
34,28630,28637
57,28638,28645
59,28645,28652
21,28653,28660
82,28660,28667
93,28668,28675
108,28675,28682
1,28683,28690
72,28690,28697
89,28698,28705
43,28705,28712
32,28713,28720
85,28720,28727
33,28728,28735
7,28735,28742
0,28743,28750
16,28750,28757
-1,28758,28765
4,28766,28773
93,28773,28780
54,28781,28788
21,28788,28795
62,28796,28803
44,28803,28810
46,28811,28818
34,28818,28825
16,28826,28833
39,28833,28840
115,28841,28848
58,28848,28855
56,28856,28863
-1,28863,28870
82,28871,28878
46,28878,28885
37,28886,28893
23,28893,28900
63,28901,28908
46,28908,28916
81,28916,28923
70,28924,28931
33,28931,28938
20,28939,28946
83,28946,28953
2,28954,28961
0,28961,28968
102,28969,28976
24,28976,28985
107,28986,28993
113,28993,29000
62,29001,29008
84,29008,29015
41,29016,29023
111,29023,29030
31,29031,29038
12,29038,29045
49,29046,29053
13,29053,29060
8,29061,29068
73,29069,29076
41,29076,29083
82,29084,29091
1,29091,29098
46,29099,29106
97,29106,29113
63,29114,29121
42,29121,29128
77,29129,29136
37,29136,29143
43,29144,29151
105,29151,29158
104,29159,29166
41,29166,29173
88,29174,29181
12,29181,29188
17,29189,29196
46,29196,29203
35,29204,29211
25,29211,29219
108,29219,29226
87,29227,29234
11,29234,29241
53,29242,29249
73,29249,29256
52,29257,29264
104,29264,29271
75,29272,29279
43,29279,29286
0,29287,29294
22,29294,29301
17,29302,29309
4,29309,29316
11,29317,29324
68,29324,29331
88,29332,29339
78,29339,29346
72,29347,29354
115,29354,29361
20,29362,29369
112,29370,29377
19,29377,29384
70,29385,29392
56,29392,29399
85,29400,29407
98,29407,29414
11,29415,29422
7,29422,29429
35,29430,29437
29,29437,29444
23,29445,29452
76,29452,29459
56,29460,29467
24,29467,29474
39,29475,29482
60,29482,29489
34,29490,29497
68,29497,29504
41,29505,29512
8,29512,29520
88,29520,29527
77,29528,29535
35,29535,29542
79,29543,29550
102,29550,29557
39,29558,29565
16,29565,29572
99,29573,29580
78,29580,29587
3,29588,29595
66,29595,29602
99,29603,29610
34,29610,29617
68,29618,29625
9,29625,29632
29,29633,29640
30,29640,29647
104,29648,29655
45,29655,29662
3,29663,29670
76,29671,29678
15,29678,29685
58,29686,29693
64,29693,29700
34,29701,29708
44,29708,29715
65,29716,29723
49,29723,29730
64,29731,29738
70,29738,29745
23,29746,29753
31,29753,29760
94,29761,29768
73,29768,29775
69,29776,29783
103,29783,29790
55,29791,29798
74,29798,29805
25,29806,29813
25,29813,29820
49,29821,29828
47,29829,29836
21,29836,29843
90,29844,29851
-1,29851,29858
35,29859,29866
97,29866,29873
93,29874,29881
23,29881,29888
97,29889,29896
96,29896,29903
61,29904,29911
74,29911,29918
57,29919,29926
110,29926,29933
57,29934,29941
-1,29941,29948
75,29949,29956
58,29956,29963
47,29964,29971
2,29971,29979
88,29979,29986
42,29987,29994
69,29994,30001
74,30002,30009
53,30009,30016
6,30017,30024
50,30024,30031
20,30032,30039
76,30039,30046
105,30047,30054
67,30054,30061
-1,30062,30069
19,30069,30076
22,30077,30084
36,30084,30091
39,30092,30099
28,30099,30106
92,30107,30114
54,30114,30121
75,30122,30129
15,30130,30137
72,30137,30144
7,30145,30152
0,30152,30159
41,30160,30167
97,30167,30174
15,30175,30182
62,30182,30189
66,30190,30197
53,30197,30204
104,30205,30212
88,30212,30219
105,30220,30227
69,30227,30234
26,30235,30242
104,30242,30249
75,30250,30257
93,30257,30264
18,30265,30272
115,30272,30280
9,30280,30287
-1,30288,30295
59,30295,30302
38,30303,30310
88,30310,30317
90,30318,30325
5,30325,30332
102,30333,30340
50,30340,30347
-1,30348,30355
33,30355,30362
96,30363,30370
46,30370,30377
103,30378,30385
70,30385,30392
87,30393,30400
20,30400,30407
70,30408,30415
43,30415,30422
117,30423,30430
22,30431,30438
61,30438,30445
51,30446,30453
28,30453,30460
3,30461,30468
16,30468,30475
20,30476,30483
26,30483,30490
0,30491,30498
50,30498,30505
68,30506,30513
24,30513,30520
65,30521,30528
31,30528,30535
15,30536,30543
82,30543,30550
38,39581,39588
83,39588,39595
29,39596,39603
27,39603,39610
43,39611,39618
76,39618,39625
89,39626,39633
27,39633,39640
21,39641,39648
28,39648,39655
24,39656,39663
114,39663,39670
108,39671,39678
33,39678,39685
62,39686,39693
21,39693,39700
110,39701,39708
4,39709,39716
112,39716,39723
89,39724,39731
102,39731,39738
55,39739,39746
110,39746,39753
35,39754,39761
104,39761,39768
94,39769,39776
92,39776,39783
106,39784,39791
13,39791,39798
71,39799,39806
7,39806,39813
43,39814,39821
10,39821,39828
2,39829,39836
87,39836,39843
24,39844,39851
58,39851,39858
53,39859,39866
53,39867,39874
4,39874,39881
39,39882,39889
87,39889,39896
116,39897,39904
106,39904,39911
46,39912,39919
14,39919,39926
101,39927,39934
94,39934,39941
101,39942,39949
58,39949,39956
12,39957,39964
39,39964,39971
103,39972,39979
89,39979,39986
74,39987,39994
41,39994,40001
50,40002,40009
26,40009,40017
100,40017,40024
117,40025,40032
65,40032,40039
65,40040,40047
102,40047,40054
105,40055,40062
113,40062,40069
35,40070,40077
65,40077,40084
77,40085,40092
117,40092,40099
110,40100,40107
0,40107,40114
23,40115,40122
32,40122,40129
116,40130,40137
108,40137,40144
60,40145,40152
18,40152,40159
43,40160,40167
111,40168,40175
51,40175,40182
26,40183,40190
99,40190,40197
9,40198,40205
9,40205,40212
52,40213,40220
55,40220,40227
52,40228,40235
111,40235,40242
28,40243,40250
51,40250,40257
34,40258,40265
15,40265,40272
117,40273,40280
12,40280,40287
36,40288,40295
1,40295,40302
100,40303,40310
77,40310,40318
102,40318,40325
78,40326,40333
58,40333,40340
43,40341,40348
83,40348,40355
107,40356,40363
86,40363,40370
30,40371,40378
1,40378,40385
45,40386,40393
62,40393,40400
107,40401,40408
47,40408,40415
15,40416,40423
9,40423,40430
39,40431,40438
54,40438,40445
104,40446,40453
69,40453,40460
94,40461,40468
95,40468,40476
65,40476,40483
9,40484,40491
98,40491,40498
0,40499,40506
11,40506,40513
12,40514,40521
42,40521,40528
77,40529,40536
69,40536,40543
68,40544,40551
39,40551,40558
24,40559,40566
105,40566,40573
62,40574,40581
39,40581,40588
7,40589,40596
54,40596,40603
78,40604,40611
39,40611,40618
41,40619,40626
103,40627,40634
70,40634,40641
67,40642,40649
37,40649,40656
23,40657,40664
23,40664,40671
61,40672,40679
88,40679,40686
31,40687,40694
17,40694,40701
115,40702,40709
67,40709,40716
98,40717,40724
93,40724,40731
35,40732,40739
12,40739,40746
19,40747,40754
45,40754,40761
54,40762,40769
7,40769,40777
14,40777,40784
73,40785,40792
41,40792,40799
61,40800,40807
11,40807,40814
71,40815,40822
19,40822,40829
105,40830,40837
82,40837,40844
94,40845,40852
34,40852,40859
50,40860,40867
97,40867,40874
33,40875,40882
9,40882,40889
21,40890,40897
11,40897,40904
112,40905,40912
100,40912,40919
73,40920,40927
96,40928,40935
31,40935,40942
47,40943,40950
102,40950,40957
42,40958,40965
87,40965,40972
107,40973,40980
81,40980,40987
73,40988,40995
32,40995,41002
94,41003,41010
25,41010,41017
29,41018,41025
99,41025,41032
97,41033,41040
73,41040,41047
84,41048,41055
55,41055,41062
4,41063,41070
20,41070,41077
83,41078,41085
95,41086,41093
43,41093,41100
57,41101,41108
99,41108,41115
71,41116,41123
7,41123,41130
87,41131,41138
3,41138,41145
93,41146,41153
29,41153,41160
72,41161,41168
26,41168,41175
46,41176,41183
42,41183,41190
21,41191,41198
11,41198,41205
7,41206,41213
114,41213,41220
98,41221,41228
18,41228,41236
11,41236,41243
59,41244,41251
1,41251,41258
26,41259,41266
19,41266,41273
35,41274,41281
2,41281,41288
115,41289,41296
60,41296,41303
24,41304,41311
52,41311,41318
93,41319,41326
75,41326,41333
116,41334,41341
69,41341,41348
95,41349,41356
85,41356,41363
83,41364,41371
79,41371,41378
0,41379,41386
13,41387,41394
107,41394,41401
93,41402,41409
73,41409,41416
81,41417,41424
0,41424,41431
-1,41432,41439
85,41439,41446
12,41447,41454
110,41454,41461
49,41462,41469
36,41469,41476
38,41477,41484
101,41484,41491
90,41492,41499
68,41499,41506
55,41507,41514
26,41514,41521
23,41522,41529
39,41529,41537
117,41537,41544
111,41545,41552
34,41552,41559
100,41560,41567
40,41567,41574
73,41575,41582
7,41582,41589
3,41590,41597
48,41597,41604
2,41605,41612
83,41612,41619
114,41620,41627
76,41627,41634
49,41635,41642
20,41642,41649
41,41650,41657
37,41657,41664
78,41665,41672
73,41672,41679
20,41680,41687
78,41687,41695
63,41695,41702
81,41703,41710
104,41710,41717
117,41718,41725
82,41725,41732
20,41733,41740
18,41740,41747
2,41748,41755
10,41755,41762
16,41763,41770
52,41770,41777
71,41778,41785
53,41785,41792
37,41793,41800
64,41800,41807
3,41808,41815
64,41815,41822
87,41823,41830
0,41830,41837
69,41838,41845
102,41846,41853
106,41853,41860
5,41861,41868
56,41868,41875
55,41876,41883
15,41883,41890
5,41891,41898
98,41898,41905
77,41906,41913
96,41913,41920
35,41921,41928
108,41928,41935
13,41936,41943
46,41943,41950
113,41951,41958
11,41958,41965
76,41966,41973
96,41973,41980
91,41981,41988
13,41988,41996
83,41996,42003
71,42004,42011
113,42011,42018
28,42019,42026
0,42026,42033
75,42034,42041
80,42041,42048
98,42049,42056
48,42056,42063
57,42064,42071
18,42071,42078
64,42079,42086
85,42086,42093
53,42094,42101
84,42101,42108
8,42109,42116
46,42116,42123
9,42124,42131
60,42131,42138
52,42139,42146
29,42147,42154
67,42154,42161
1,42162,42169
31,42169,42176
49,42177,42184
38,42184,42191
6,42192,42199
38,42199,42206
45,42207,42214
24,42214,42221
23,42222,42229
51,42229,42236
47,42237,42244
89,42244,42251
32,42252,42259
103,42259,42266
84,42267,42274
48,42274,42281
100,42282,42289
100,42289,42296
47,42297,42304
105,42305,42312
74,42312,42319
46,42320,42327
28,42327,42334
30,42335,42342
86,42342,42349
3,42350,42357
117,42357,42364
13,42365,42372
-1,42372,42379
17,42380,42387
19,42387,42394
50,42395,42402
58,42402,42409
111,42410,42417
37,42417,42424
34,42425,42432
76,42432,42439
98,42440,42447
69,42447,42455
63,42455,42462
85,42463,42470
99,42470,42477
38,42478,42485
60,42485,42492
108,42493,42500
98,42500,42507
73,42508,42515
107,42515,42522
66,42523,42530
80,42530,42537
20,42538,42545
110,42545,42552
113,42553,42560
101,42560,42567
84,42568,42575
8,42575,42582
105,42583,42590
115,42590,42597
86,42598,42605
1,42606,42613
41,42613,42620
32,42621,42628
2,42628,42635
88,42636,42643
71,42643,42650
114,42651,42658
93,42658,42665
20,42666,42673
112,42673,42680
14,42681,42688
48,42688,42695
9,42696,42703
58,42703,42710
-1,42711,42718
99,42718,42725
95,42726,42733
73,42733,42740
58,42741,42748
44,42748,42756
0,42756,42763
58,42764,42771
72,42771,42778
51,42779,42786
16,42786,42793
82,42794,42801
38,42801,42808
90,42809,42816
93,42816,42823
77,42824,42831
71,42831,42838
92,42839,42846
109,42846,42853
65,42854,42861
84,42861,42868
107,42869,42876
26,42876,42883
49,42884,42891
59,42891,42898
90,42899,42906
57,42906,42914
26,42914,42921
40,42922,42929
15,42929,42936
23,42937,42944
57,42944,42951
104,42952,42959
60,42959,42966
29,42967,42974
78,42974,42981
36,42982,42989
102,42989,42996
76,42997,43004
92,43004,43011
22,43012,43019
89,43019,43026
3,43027,43034
30,43034,43041
102,43042,43049
47,43049,43056
108,43057,43064
79,43065,43072
5,43072,43079
36,43080,43087
106,43087,43094
85,43095,43102
25,43102,43109
32,43110,43117
90,43117,43124
31,43125,43132
4,43132,43139
56,43140,43147
82,43147,43154
52,43155,43162
56,43162,43169
26,43170,43177
7,43177,43184
51,43185,43192
2,43192,43199
111,43200,43207
87,43207,43215
15,43215,43222
88,43223,43230
110,43230,43237
29,43238,43245
40,43245,43252
43,43253,43260
70,43260,43267
74,43268,43275
80,43275,43282
105,43283,43290
62,43290,43297
102,43298,43305
28,43305,43312
47,43313,43320
27,43320,43327
65,43328,43335
97,43335,43342
26,43343,43350
112,43350,43357
43,43358,43365
104,43366,43373
111,43373,43380
62,43381,43388
31,43388,43395
2,43396,43403
102,43403,43410
53,43411,43418
40,43418,43425
58,43426,43433
71,43433,43440
36,43441,43448
57,43448,43455
81,43456,43463
103,43463,43470
59,43471,43478
2,43478,43485
82,43486,43493
99,43493,43500
69,43501,43508
38,43508,43515
11,43516,43523
97,43524,43531
105,43531,43538
72,43539,43546
69,43546,43553
98,43554,43561
36,43561,43568
12,43569,43576
110,43576,43583
72,43584,43591
112,43591,43598
57,43599,43606
42,43606,43613
85,43614,43621
47,43621,43628
83,43629,43636
86,43636,43643
34,43644,43651
16,43651,43658
76,43659,43666
115,43666,43674
98,43674,43681
56,43682,43689
51,43689,43696
4,43697,43704
10,43704,43711
80,43712,43719
63,43719,43726
115,43727,43734
105,43734,43741
14,43742,43749
85,43749,43756
90,43757,43764
36,43764,43771
67,43772,43779
100,43779,43786
32,43787,43794
109,43794,43801
46,43802,43809
54,43809,43816
34,43817,43824
20,43825,43832
93,43832,43839
96,43840,43847
4,43847,43854
37,43855,43862
31,43862,43869
33,43870,43877
51,43877,43884
66,43885,43892
2,43892,43899
6,43900,43907
108,43907,43914
81,43915,43922
25,43922,43929
32,43930,43937
73,43937,43944
99,43945,43952
55,43952,43959
100,43960,43967
50,43967,43974
79,43975,43982
78,43983,43990
21,43990,43997
4,43998,44005
64,44005,44012
7,44013,44020
59,44020,44027
75,44028,44035
-1,44035,44042
62,44043,44050
40,44050,44057
63,44058,44065
111,44065,44072
41,44073,44080
26,44080,44087
116,44088,44095
105,44095,44102
103,44103,44110
102,44110,44117
97,44118,44125
0,44125,44133
103,44133,44140
104,44141,44148
85,44148,44155
96,44156,44163
54,44163,44170
0,44171,44178
100,44178,44185
15,44186,44193
66,44193,44200
5,44201,44208
61,44208,44215
12,44216,44223
72,44223,44230
1,44231,44238
7,44238,44245
10,44246,44253
27,44253,44260
15,44261,44268
71,44268,44275
14,44276,44283
66,44284,44291
4,44291,44298
83,44299,44306
42,44306,44313
111,44314,44321
36,44321,44328
107,44329,44336
32,44336,44343
94,44344,44351
115,44351,44358
66,44359,44366
22,44366,44373
68,44374,44381
24,44381,44388
112,44389,44396
1,44396,44403
80,44404,44411
1,44411,44418
22,44419,44426
111,44426,44434
41,44434,44441
63,44442,44449
68,44449,44456
64,44457,44464
54,44464,44471
117,44472,44479
41,44479,44486
73,44487,44494
55,44494,44501
48,44502,44509
69,44509,44516
70,44517,44524
56,44524,44531
35,44532,44539
59,44539,44546
-1,44547,44554
13,44554,44561
82,44562,44569
78,44569,44576
84,44577,44584
106,44584,44592
21,44592,44599
33,44600,44607
19,44607,44614
33,44615,44622
50,44622,44629
99,44630,44637
106,44637,44644
113,44645,44652
3,44652,44659
34,44660,44667
35,44667,44674
40,44675,44682
10,44682,44689
101,44690,44697
25,44697,44704
37,44705,44712
2,44712,44719
97,44720,44727
42,44727,44734
79,44735,44742
49,44743,44750
9,44750,44757
57,44758,44765
77,44765,44772
11,44773,44780
113,44780,44787
103,44788,44795
70,44795,44802
73,44803,44810
19,44810,44817
72,44818,44825
91,44825,44832
71,44833,44840
38,44840,44847
77,44848,44855
108,44855,44862
33,44863,44870
44,44870,44877
19,44878,44885
25,44885,44893
41,44893,44900
67,44901,44908
14,44908,44915
85,44916,44923
32,44923,44930
112,44931,44938
26,44938,44945
1,44946,44953
70,44953,44960
74,44961,44968
26,44968,44975
61,44976,44983
40,44983,44990
34,44991,44998
39,44998,45005
74,45006,45013
35,45013,45020
14,45021,45028
99,45028,45035
111,45036,45043
111,45043,45051
49,45051,45058
81,45059,45066
105,45066,45073
8,45074,45081
108,45081,45088
108,45089,45096
9,45096,45103
81,45104,45111
99,45111,45118
21,45119,45126
75,45126,45133
106,45134,45141
4,45141,45148
37,45149,45156
76,45156,45163
76,45164,45171
9,45171,45178
84,45179,45186
27,45186,45193
58,45194,45201
114,45202,45209
11,45209,45216
33,45217,45224
3,45224,45231
93,45232,45239
105,45239,45246
58,45247,45254
94,45254,45261
38,45262,45269
61,45269,45276
82,45277,45284
21,45284,45291
57,45292,45299
70,45299,45306
13,45307,45314
12,45314,45321
88,45322,45329
82,45329,45336
29,45337,45344
35,45344,45352
107,45352,45359
71,45360,45367
10,45367,45374
78,45375,45382
100,45382,45389
115,45390,45397
35,45397,45404
67,45405,45412
100,45412,45419
37,45420,45427
42,45427,45434
21,45435,45442
117,45442,45449
108,45450,45457
28,45457,45464
32,45465,45472
15,45472,45479
64,45480,45487
104,45487,45494
-1,45495,45502
89,45503,45510
75,45510,45517
83,45518,45525
29,45525,45532
0,45533,45540
12,45540,45547
49,45548,45555
96,45555,45562
44,45563,45570
87,45570,45577
66,45578,45585
15,45585,45592
111,45593,45600
7,45600,45607
56,45608,45615
95,45615,45622
76,45623,45630
46,45630,45637
61,45638,45645
54,45645,45652
13,45653,45660
25,45661,45668
36,45668,45675
40,45676,45683
31,45683,45690
108,45691,45698
5,45698,45705
50,45706,45713
80,45713,45720
67,45721,45728
11,45728,45735
92,45736,45743
98,45743,45750
19,45751,45758
55,45758,45765
60,45766,45773
6,45773,45780
13,45781,45788
-1,45788,45795
96,45796,45803
73,45803,45811
65,45811,45818
114,45819,45826
73,45826,45833
110,45834,45841
41,45841,45848
87,45849,45856
117,45856,45863
90,45864,45871
46,45871,45878
6,45879,45886
100,45886,45893
6,45894,45901
1,45901,45908
103,45909,45916
25,45916,45923
32,45924,45931
3,45931,45938
100,45939,45946
77,45946,45953
110,45954,45961
8,45962,45969
19,45969,45976
62,45977,45984
7,45984,45991
4,45992,45999
78,45999,46006
110,46007,46014
102,46014,46021
87,46022,46029
91,46029,46036
80,46037,46044
99,46044,46051
82,46052,46059
50,46059,46066
22,46067,46074
58,46074,46081
77,46082,46089
38,46089,46096
45,46097,46104
50,46104,46111
63,46112,46119
35,46120,46127
81,46127,46134
50,46135,46142
18,46142,46149
86,46150,46157
69,46157,46164
114,46165,46172
69,46172,46179
18,46180,46187
84,46187,46194
94,46195,46202
48,46202,46209
15,46210,46217
70,46217,46224
56,46225,46232
17,46232,46239
104,46240,46247
93,46247,46254
17,46255,46262
54,46262,46270
39,46270,46277
111,46278,46285
50,46285,46292
24,46293,46300
12,46300,46307
97,46308,46315
84,46315,46322
73,46323,46330
60,46330,46337
31,46338,46345
77,46345,46352
108,46353,46360
54,46360,46367
113,46368,46375
109,46375,46382
72,46383,46390
15,46390,46397
65,46398,46405
75,46405,46412
10,46413,46420
60,46421,46428
38,46428,46435
92,46436,46443
22,46443,46450
25,46451,46458
9,46458,46465
114,46466,46473
111,46473,46480
64,46481,46488
108,46488,46495
7,46496,46503
0,46503,46510
38,46511,46518
18,46518,46525
75,46526,46533
66,46533,46540
10,46541,46548
67,46548,46555
103,46556,46563
63,46563,46571
41,46571,46578
16,46579,46586
27,46586,46593
25,46594,46601
31,46601,46608
27,46609,46616
116,46616,46623
81,46624,46631
41,46631,46638
85,46639,46646
63,46646,46653
75,46654,46661
92,46661,46668
55,46669,46676
104,46676,46683
6,46684,46691
108,46691,46698
104,46699,46706
44,46706,46713
57,46714,46721
37,46721,46729
41,46729,46736
48,46737,46744
110,46744,46751
10,46752,46759
57,46759,46766
65,46767,46774
81,46774,46781
31,46782,46789
89,46789,46796
60,46797,46804
14,46804,46811
86,46812,46819
79,46819,46826
78,46827,46834
113,46834,46841
25,46842,46849
117,46849,46856
27,46857,46864
89,46864,46871
66,46872,46879
63,46880,46887
56,46887,46894
37,46895,46902
84,46902,46909
55,46910,46917
67,46917,46924
32,46925,46932
3,46932,46939
26,46940,46947
72,46947,46954
40,46955,46962
18,46962,46969
28,46970,46977
75,46977,46984
22,46985,46992
109,46992,46999
42,47000,47007
97,47007,47014
1,47015,47022
26,47022,47030
9,47030,47037
72,47038,47045
84,47045,47052
24,47053,47060
102,47060,47067
25,47068,47075
108,47075,47082
52,47083,47090
33,47090,47097
21,47098,47105
11,47105,47112
92,47113,47120
101,47120,47127
4,47128,47135
2,47135,47142
105,47143,47150
19,47150,47157
116,47158,47165
92,47165,47172
79,47173,47180
68,47180,47188
54,47188,47195
54,47196,47203
5,47203,47210
10,47211,47218
96,47218,47225
30,47226,47233
30,47233,47240
104,47241,47248
30,47248,47255
23,47256,47263
43,47263,47270
65,47271,47278
104,47278,47285
58,47286,47293
93,47293,47300
76,47301,47308
36,47308,47315
63,47316,47323
114,47323,47332
6,47332,47340
0,47340,47347
44,47348,47355
67,47355,47362
107,47363,47370
3,47370,47377
60,47378,47385
75,47385,47392
51,47393,47400
114,47400,47407
10,47408,47415
68,47415,47422
87,47423,47430
51,47430,47437
81,47438,47445
90,47445,47452
40,47453,47460
68,47460,47467
33,47468,47475
45,47475,47482
28,47483,47490
80,47491,47498
78,47498,47505
115,47506,47513
70,47513,47520
16,47521,47528
75,47528,47535
66,47536,47543
19,47543,47550
100,47551,47558
56,47558,47565
83,47566,47573
93,47573,47580
48,47581,47588
75,47588,47595
37,47596,47603
18,47603,47610
66,47611,47618
0,47618,47625
23,47626,47633
106,47633,47641
7,47641,47648
59,47649,47656
72,47656,47663
50,47664,47671
33,47671,47678
109,47679,47686
68,47686,47693
79,47694,47701
3,47701,47708
79,47709,47716
102,47716,47723
56,47724,47731
56,47731,47738
67,47739,47746
1,47746,47753
96,47754,47761
107,47761,47768
13,47769,47776
13,47776,47783
62,47784,47791
81,47792,47799
4,47799,47806
3,47807,47814
84,47814,47821
113,47822,47829
51,47829,47836
84,47837,47844
25,47844,47851
26,47852,47859
47,47859,47866
47,47867,47874
1,47874,47881
83,47882,47889
64,47889,47896
42,47897,47904
62,47904,47911
13,47912,47919
70,47919,47926
117,47927,47934
85,47934,47941
18,47942,47949
111,47950,47957
94,47957,47964
71,47965,47972
50,47972,47979
13,47980,47987
24,47987,47994
3,47995,48002
71,48002,48009
28,48010,48017
68,48017,48024
6,48025,48032
17,48032,48039
91,48040,48047
55,48047,48054
110,48055,48062
20,48062,48069
108,48070,48077
18,48077,48084
103,48085,48092
-1,48092,48100
80,48100,48107
22,48108,48115
101,48115,48122
82,48123,48130
86,48130,48137
32,48138,48145
86,48145,48152
95,48153,48160
76,48160,48167
108,48168,48175
88,48175,48182
69,48183,48190
40,48190,48197
16,48198,48205
103,48205,48212
2,48213,48220
41,48220,48227
66,48228,48235
45,48235,48242
113,48243,48250
99,48251,48258
99,48258,48265
91,48266,48273
-1,48273,48280
52,48281,48288
13,48288,48295
68,48296,48303
70,48303,48310
49,48311,48318
58,48318,48325
112,48326,48333
77,48333,48340
85,48341,48348
74,48348,48355
92,48356,48363
98,48363,48370
86,48371,48378
22,48378,48385
6,48386,48393
116,48393,48400
24,48401,48408
43,48409,48416
47,48416,48423
82,48424,48431
20,48431,48438
5,48439,48446
6,48446,48453
89,48454,48461
5,48461,48468
2,48469,48476
68,48476,48483
116,48484,48491
95,48491,48498
97,48499,48506
104,48506,48513
23,48514,48521
73,48521,48528
104,48529,48536
29,48536,48543
40,48544,48551
95,48551,48559
37,48559,48566
45,48567,48574
116,48574,48581
91,48582,48589
96,48589,48596
94,48597,48604
28,48604,48611
18,48612,48619
2,48619,48626
104,48627,48634
114,48634,48641
71,48642,48649
108,48649,48656
65,48657,48664
23,48664,48671
105,48672,48679
107,48679,48686
10,48687,48694
84,48694,48701
103,48702,48709
34,48710,48717
72,48717,48724
15,48725,48732
86,48732,48739
104,48740,48747
-1,48747,48754
34,48755,48762
88,48762,48769
54,48770,48777
8,48777,48784
26,48785,48792
44,48792,48799
116,48800,48807
6,48807,48814
21,48815,48822
53,48822,48829
19,48830,48837
57,48837,48844
68,48845,48852
33,48852,48859
66,48860,48867
39,48868,48875
65,48875,48882
107,48883,48890
102,48890,48897
42,48898,48905
5,48905,48912
22,48913,48920
106,48920,48927
20,48928,48935
29,48935,48942
55,48943,48950
54,48950,48957
18,48958,48965
84,48965,48972
71,48973,48980
26,48980,48987
21,48988,48995
47,48995,49002
6,49003,49010
6,49010,49018
63,49018,49025
28,49026,49033
92,49033,49040
59,49041,49048
33,49048,49055
112,49056,49063
116,49063,49070
70,49071,49078
16,49078,49085
28,49086,49093
105,49093,49100
98,49101,49108
113,49108,49115
30,49116,49123
47,49123,49130
105,49131,49138
53,49138,49145
117,49146,49153
56,49153,49160
115,49161,49168
76,49169,49176
110,49176,49183
95,49184,49191
75,49191,49198
57,49199,49206
30,49206,49213
16,49214,49221
29,49221,49228
22,49229,49236
105,49236,49243
56,49244,49251
27,49251,49258
68,49259,49266
87,49266,49273
100,49274,49281
59,49281,49288
17,49289,49296
96,49296,49303
117,49304,49311
21,49311,49319
113,49319,49326
56,49327,49334
62,49334,49341
27,49342,49349
53,49349,49356
27,49357,49364
7,49364,49371
50,49372,49379
64,49379,49386
79,49387,49394
114,49394,49401
83,49402,49409
80,49409,49416
101,49417,49424
112,49424,49431
110,49432,49439
109,49439,49446
78,49447,49454
77,49454,49461
18,49462,49469
8,49469,49477
112,49477,49484
61,49485,49492
38,49492,49499
88,49500,49507
91,49507,49514
102,49515,49522
107,49522,49529
94,49530,49537
39,49537,49544
36,49545,49552
7,49552,49559
0,49560,49567
16,49567,49574
89,49575,49582
28,49582,49589
96,49590,49597
102,49597,49604
28,49605,49612
87,49612,49619
21,49620,49627
82,49628,49635
93,49635,49642
33,49643,49650
27,49650,49657
63,49658,49665
66,49665,49672
26,49673,49680
61,49680,49687
46,49688,49695
12,49695,49702
30,49703,49710
2,49710,49717
45,49718,49725
14,49725,49732
64,49733,49740
7,49740,49747
14,49748,49755
23,49755,49762
72,49763,49770
4,49770,49778
70,49778,49785
30,49786,49793
100,49793,49800
75,49801,49808
18,49808,49815
32,49816,49823
3,49823,49830
67,49831,49838
54,49838,49845
63,49846,49853
88,49853,49860
31,49861,49868
13,49868,49875
-1,49876,49883
8,49883,49890
85,49891,49898
89,49898,49905
20,49906,49913
73,49913,49920
25,49921,49928
55,49928,49936
78,49936,49943
29,49944,49951
10,49951,49958
82,49959,49966
40,49966,49973
52,49974,49981
19,49981,49988
29,49989,49996
13,49996,50003
22,50004,50011
44,50011,50018
4,50019,50026
71,50026,50033
37,50034,50041
62,50041,50048
6,50049,50056
88,50056,50063
22,50064,50071
40,50071,50078
11,50079,50086
2,50087,50094
12,50094,50101
25,50102,50109
42,50109,50116
76,50117,50124
40,50124,50131
109,50132,50139
7,50139,50146
107,50147,50154
66,50154,50161
84,50162,50169
112,50169,50176
49,50177,50184
113,50184,50191
60,50192,50199
68,50199,50206
115,50207,50214
23,50214,50221
26,50222,50229
82,50229,50237
31,50237,50244
1,50245,50252
82,50252,50259
32,50260,50267
111,50267,50274
1,50275,50282
102,50282,50289
61,50290,50297
112,50297,50304
23,50305,50312
0,50312,50319
22,50320,50327
54,50327,50334
45,50335,50342
37,50342,50349
58,50350,50357
11,50357,50364
5,50365,50372
114,50372,50379
53,50380,50387
60,50387,50395
5,50395,50402
14,50403,50410
80,50410,50417
80,50418,50425
95,50425,50432
56,50433,50440
17,50440,50447
-1,50448,50455
1,50455,50462
91,50463,50470
91,50470,50477
26,50478,50485
54,50485,50492
6,50493,50500
69,50500,50507
34,50508,50515
103,50515,50522
16,50523,50530
86,50530,50537
13,50538,50545
101,50546,50553
33,50553,50560
30,50561,50568
21,50568,50575
9,50576,50583
-1,50583,50590
101,50591,50598
2,50598,50605
7,50606,50613
18,50613,50620
45,50621,50628
105,50628,50635
21,50636,50643
4,50643,50650
97,50651,50658
6,50658,50665
23,50666,50673
54,50673,50680
24,50681,50688
117,50688,50696
17,50696,50703
106,50704,50711
31,50711,50718
74,50719,50726
109,50726,50733
10,50734,50741
5,50741,50748
49,50749,50756
26,50756,50763
101,50764,50771
65,50771,50778
48,50779,50786
18,50786,50793
53,50794,50801
66,50801,50808
84,50809,50816
68,50816,50823
102,50824,50831
104,50831,50838
103,50839,50846
17,50847,50854
103,50854,50861
115,50862,50869
78,50869,50876
91,50877,50884
17,50884,50891
107,50892,50899
36,50899,50906
11,50907,50914
80,50914,50921
90,50922,50929
-1,50929,50936
69,50937,50944
14,50944,50951
19,50952,50959
38,50959,50966
113,50967,50974
40,50974,50981
2,50982,50989
65,50989,50996
115,50997,51004
80,51005,51012
76,51012,51019
73,51020,51027
31,51027,51034
50,51035,51042
24,51042,51049
28,51050,51057
12,51057,51064
72,51065,51072
90,51072,51079
117,51080,51087
19,51087,51094
98,51095,51102
89,51102,51109
83,51110,51117
99,51117,51124
31,51125,51132
7,51132,51139
77,51140,51147
16,51147,51155
10,51155,51162
57,51163,51170
61,51170,51177
6,51178,51185
19,51185,51192
117,51193,51200
0,51200,51207
19,51208,51215
52,51215,51222
64,51223,51230
45,51230,51237
91,51238,51245
98,51245,51252
8,51253,51260
57,51260,51267
27,51268,51275
109,51275,51282
51,51283,51290
30,51290,51297
11,51298,51305
37,51306,51313
71,51313,51320
96,51321,51328
103,51328,51335
110,51336,51343
78,51343,51350
92,51351,51358
79,51358,51365
5,51366,51373
99,51373,51380
45,51381,51388
108,51388,51395
65,51396,51403
0,51403,51410
18,51411,51418
64,51418,51425
62,51426,51433
11,51433,51440
99,51441,51448
61,51448,51455
93,51456,51463
79,51464,51471
111,51471,51478
50,51479,51486
99,51486,51493
47,51494,51501
116,51501,51508
111,51509,51516
4,51516,51523
31,51524,51531
105,51531,51538
27,51539,51546
111,51546,51553
19,51554,51561
50,51561,51568
39,51569,51576
82,51576,51583
98,51584,51591
100,51591,51598
90,51599,51606
32,51606,51614
14,51614,51621
111,51622,51629
52,51629,51636
88,51637,51644
85,51644,51651
63,51652,51659
37,51659,51666
9,51667,51674
83,51674,51681
0,51682,51689
57,51689,51696
117,51697,51704
39,51704,51711
5,51712,51719
49,51719,51726
77,51727,51734
65,51734,51741
111,51742,51749
35,51749,51756
1,51757,51764
97,51765,51772
104,51772,51779
1,51780,51787
28,51787,51794
107,51795,51802
6,51802,51809
4,51810,51817
20,51817,51824
-1,51825,51832
38,51832,51839
54,51840,51847
46,51847,51854
95,51855,51862
74,51862,51869
58,51870,51877
91,51877,51884
59,51885,51892
53,51892,51899
92,51900,51907
50,51907,51914
38,51915,51922
31,51923,51930
70,51930,51937
70,51938,51945
62,51945,51952
36,51953,51960
61,51960,51967
93,51968,51975
77,51975,51982
53,51983,51990
105,51990,51997
49,51998,52005
57,52005,52012
104,52013,52020
74,52020,52027
44,52028,52035
1,52035,52042
28,52043,52050
110,52050,52057
62,52058,52065
43,52065,52073
36,52073,52080
116,52081,52088
20,52088,52095
37,52096,52103
2,52103,52110
77,52111,52118
64,52118,52125
114,52126,52133
79,52133,52140
24,52141,52148
89,52148,52155
99,52156,52163
45,52163,52170
49,52171,52178
108,52178,52185
46,52186,52193
56,52193,52200
60,52201,52208
69,52208,52215
116,52216,52223
53,52224,52231
45,52231,52238
74,52239,52246
19,52246,52253
55,52254,52261
15,52261,52268
62,52269,52276
13,52276,52283
-1,52284,52291
31,52291,52298
27,52299,52306
96,52306,52313
52,52314,52321
0,52321,52328
54,52329,52336
98,52336,52343
103,52344,52351
8,52351,52358
53,52359,52366
23,52366,52373
63,52374,52381
117,52382,52389
29,52389,52396
78,52397,52404
45,52404,52411
23,52412,52419
2,52419,52426
29,52427,52434
76,52434,52441
54,52442,52449
25,52449,52456
-1,52457,52464
31,52464,52471
31,52472,52479
96,52479,52486
87,52487,52494
24,52494,52501
23,52502,52509
38,52509,52516
21,52517,52524
84,52524,52532
27,52532,52539
22,52540,52547
8,52547,52554
60,52555,52562
46,52562,52569
35,52570,52577
46,52577,52584
63,52585,52592
59,52592,52599
79,52600,52607
95,52607,52614
92,52615,52622
40,52622,52629
85,52630,52637
115,52637,52644
15,52645,52652
1,52652,52659
64,52660,52667
26,52667,52674
33,52675,52682
110,52683,52690
72,52690,52697
72,52698,52705
110,52705,52712
73,52713,52720
95,52720,52727
78,52728,52735
48,52735,52742
62,52743,52750
24,52750,52757
86,52758,52765
61,52765,52772
45,52773,52780
24,52780,52787
10,52788,52795
116,52795,52802
16,52803,52810
12,52810,52817
94,52818,52825
106,52825,52832
79,52833,52840
52,52841,52848
34,52848,52855
82,52856,52863
67,52863,52870
88,52871,52878
97,52878,52885
46,52886,52893
68,52893,52900
109,52901,52908
86,52908,52915
26,52916,52923
81,52923,52930
15,52931,52938
92,52938,52945
0,52946,52953
67,52953,52960
99,52961,52968
76,52968,52975
54,52976,52983
6,52983,52991
72,52991,52998
50,52999,53006
60,53006,53013
51,53014,53021
111,53021,53028
109,53029,53036
112,53036,53043
108,53044,53051
101,53051,53058
63,53059,53066
53,53066,53073
39,53074,53081
111,53081,53088
16,53089,53096
104,53096,53103
61,53104,53111
101,53111,53118
44,53119,53126
17,53126,53133
8,53134,53141
30,53142,53149
53,53149,53156
20,53157,53164
94,53164,53171
96,53172,53179
6,53179,53186
68,53187,53194
73,53194,53201
44,53202,53209
7,53209,53216
89,53217,53224
62,53224,53231
90,53232,53239
74,53239,53246
94,53247,53254
116,53254,53261
21,53262,53269
78,53269,53276
26,53277,53284
99,53284,53291
40,53292,53299
17,53300,53307
56,53307,53314
21,53315,53322
75,53322,53329
33,53330,53337
78,53337,53344
27,53345,53352
79,53352,53359
84,53360,53367
30,53367,53374
65,53375,53382
7,53382,53389
36,53390,53397
4,53397,53404
52,53405,53412
24,53412,53419
95,53420,53427
78,53427,53434
112,53435,53442
65,53442,53450
46,53450,53457
75,53458,53465
48,53465,53472
93,53473,53480
59,53480,53487
48,53488,53495
42,53495,53502
19,53503,53510
2,53510,53517
107,53518,53525
22,53525,53532
58,53533,53540
98,53540,53547
48,53548,53555
81,53555,53562
102,53563,53570
25,53570,53577
39,53578,53585
60,53585,53592
31,53593,53600
70,53601,53608
63,53608,53615
13,53616,53623
3,53623,53630
52,53631,53638
102,53638,53645
3,53646,53653
83,53653,53660
8,53661,53668
106,53668,53675
33,53676,53683
60,53683,53690
8,53691,53698
83,53698,53705
10,53706,53713
98,53713,53720
112,53721,53728
23,53728,53735
56,53736,53743
103,53743,53750
90,53751,53758
51,53759,53766
94,53766,53773
108,53774,53781
45,53781,53788
39,53789,53796
57,53796,53803
71,53804,53811
37,53811,53818
66,53819,53826
76,53826,53833
76,53834,53841
86,53841,53848
97,53849,53856
23,53856,53863
11,53864,53871
57,53871,53878
78,53879,53886
2,53886,53893
71,53894,53901
53,53901,53909
10,53909,53916
10,53917,53924
53,53924,53931
32,53932,53939
59,53939,53946
81,53947,53954
31,53954,53961
89,53962,53969
82,53969,53976
2,53977,53984
37,53984,53991
19,53992,53999
110,53999,54006
117,54007,54014
97,54014,54021
10,54022,54029
5,80227,80234
76,80234,80241
83,80242,80249
64,80249,80256
82,80257,80264
10,80264,80271
103,80272,80279
69,80279,80286
30,80287,80294
27,80294,80301
8,80302,80309
59,80310,80317
65,80317,80324
104,80325,80332
58,80332,80339
48,80340,80347
110,80347,80354
35,80355,80362
46,80362,80369
60,80370,80377
69,80377,80384
112,80385,80392
111,80392,80399
16,80400,80407
45,80407,80414
81,80415,80422
105,80422,80429
83,80430,80437
72,80437,80444
46,80445,80452
4,80452,80460
32,80460,80467
30,80468,80475
18,80475,80482
54,80483,80490
100,80490,80497
35,80498,80505
38,80505,80512
52,80513,80520
80,80520,80527
62,80528,80535
73,80535,80542
31,80543,80550
48,80550,80557
27,80558,80565
6,80565,80572
98,80573,80580
30,80580,80587
109,80588,80595
67,80595,80602
83,80603,80610
89,80610,80618
105,80618,80625
114,80626,80633
44,80633,80640
22,80641,80648
44,80648,80655
5,80656,80663
58,80663,80670
93,80671,80678
103,80678,80685
74,80686,80693
96,80693,80700
117,80701,80708
111,80708,80715
113,80716,80723
52,80723,80730
72,80731,80738
-1,80738,80745
81,80746,80753
7,80753,80760
94,80761,80768
69,80769,80776
91,80776,80783
91,80784,80791
55,80791,80798
27,80799,80806
20,80806,80813
80,80814,80821
43,80821,80828
17,80829,80836
57,80836,80843
60,80844,80851
77,80851,80858
1,80859,80866
57,80866,80873
107,80874,80881
30,80881,80888
14,80889,80896
94,80896,80903
23,80904,80911
22,80911,80918
14,80919,80926
115,80927,80934
58,80934,80941
62,80942,80949
98,80949,80956
114,80957,80964
0,80964,80971
70,80972,80979
21,80979,80986
66,80987,80994
96,80994,81001
21,81002,81009
113,81009,81016
45,81017,81024
0,81024,81031
26,81032,81039
56,81039,81046
14,81047,81054
108,81054,81061
-1,81062,81069
59,81069,81077
28,81077,81084
98,81085,81092
77,81092,81099
111,81100,81107
63,81107,81114
62,81115,81122
19,81122,81129
17,81130,81137
102,81137,81144
13,81145,81152
92,81152,81159
17,81160,81167
51,81167,81174
88,81175,81182
19,81182,81189
0,81190,81197
16,81197,81204
90,81205,81212
29,81212,81219
8,81220,81227
85,81227,81235
67,81235,81242
71,81243,81250
31,81250,81257
88,81258,81265
34,81265,81272
37,81273,81280
1,81280,81287
60,81288,81295
94,81295,81302
93,81303,81310
79,81310,81317
31,81318,81325
74,81325,81332
44,81333,81340
28,81340,81347
50,81348,81355
1,81355,81362
39,81363,81370
38,81370,81377
7,81378,81385
84,81386,81393
55,81393,81400
83,81401,81408
3,81408,81415
97,81416,81423
111,81423,81430
115,81431,81438
40,81438,81445
32,81446,81453
98,81453,81460
108,81461,81468
28,81468,81475
96,81476,81483
0,81483,81490
96,81491,81498
89,81498,81505
61,81506,81513
25,81513,81520
28,81521,81528
77,81528,81535
103,81536,81543
106,81544,81551
15,81551,81558
67,81559,81566
78,81566,81573
113,81574,81581
100,81581,81588
105,81589,81596
65,81596,81603
74,81604,81611
45,81611,81618
78,81619,81626
62,81626,81633
55,81634,81641
23,81641,81648
71,81649,81656
45,81656,81663
4,81664,81671
53,81671,81678
44,81679,81686
79,81686,81694
31,81694,81701
85,81702,81709
17,81709,81716
72,81717,81724
-1,81724,81731
-1,81732,81739
4,81739,81746
92,81747,81754
65,81754,81761
103,81762,81769
66,81769,81776
51,81777,81784
62,81784,81791
40,81792,81799
46,81799,81806
53,81807,81814
19,81814,81821
83,81822,81829
101,81829,81836
100,81837,81844
22,81844,81852
3,81852,81859
13,81860,81867
113,81867,81874
77,81875,81882
97,81882,81889
117,81890,81897
67,81897,81904
66,81905,81912
12,81912,81919
77,81920,81927
110,81927,81934
17,81935,81942
90,81942,81949
115,81950,81957
110,81957,81964
114,81965,81972
39,81972,81979
16,81980,81987
5,81987,81994
22,81995,82002
66,82003,82010
114,82010,82017
25,82018,82025
88,82025,82032
78,82033,82040
84,82040,82047
108,82048,82055
86,82055,82062
0,82063,82070
55,82070,82077
103,82078,82085
48,82085,82092
49,82093,82100
4,82100,82107
105,82108,82115
92,82115,82122
65,82123,82130
19,82130,82137
38,82138,82145
31,82145,82152
89,82153,82160
40,82161,82168
84,82168,82175
59,82176,82183
17,82183,82190
41,82191,82198
114,82198,82205
90,82206,82213
36,82213,82220
97,82221,82228
76,82228,82235
8,82236,82243
78,82243,82250
100,82251,82258
103,82258,82265
101,82266,82273
12,82273,82280
94,82281,82288
57,82288,82295
58,82296,82303
50,82303,82311
60,82311,82318
72,82319,82326
48,82326,82333
97,82334,82341
5,82341,82348
12,82349,82356
93,82356,82363
47,82364,82371
106,82371,82378
100,82379,82386
83,82386,82393
6,82394,82401
70,82401,82408
8,82409,82416
81,82416,82423
98,82424,82431
36,82431,82438
105,82439,82446
111,82446,82453
48,82454,82461
13,82461,82469
81,82469,82476
110,82477,82484
6,82484,82491
45,82492,82499
89,82499,82506
82,82507,82514
43,82514,82521
47,82522,82529
6,82529,82536
114,82537,82544
77,82544,82551
71,82552,82559
55,82559,82566
38,82567,82574
70,82574,82581
25,82582,82589
41,82589,82596
95,82597,82604
86,82604,82611
32,82612,82619
114,82620,82627
30,82627,82634
5,82635,82642
23,82642,82649
63,82650,82657
102,82657,82664
28,82665,82672
117,82672,82679
62,82680,82687
28,82687,82694
73,82695,82702
107,82702,82709
91,82710,82717
76,82717,82724
5,82725,82732
114,82732,82739
93,82740,82747
57,82747,82754
88,82755,82762
81,82762,82769
22,82770,82777
7,82778,82785
90,82785,82792
83,82793,82800
79,82800,82807
17,82808,82815
82,82815,82822
109,82823,82830
89,82830,82837
76,82838,82845
11,82845,82852
96,82853,82860
93,82860,82867
95,82868,82875
117,82875,82882
56,82883,82890
103,82890,82897
4,82898,82905
7,82905,82912
9,82913,82920
61,82920,82928
18,82928,82935
19,82936,82943
16,82943,82950
66,82951,82958
102,82958,82965
25,82966,82973
108,82973,82980
93,82981,82988
36,82988,82995
71,82996,83003
2,83003,83010
45,83011,83018
79,83018,83025
75,83026,83033
38,83033,83040
39,83041,83048
85,83048,83055
22,83056,83063
13,83063,83070
115,83071,83078
66,83078,83086
54,83086,83093
117,83094,83101
33,83101,83108
56,83109,83116
67,83116,83123
92,83124,83131
99,83131,83138
34,83139,83146
112,83146,83153
51,83154,83161
116,83161,83168
60,83169,83176
62,83176,83183
87,83184,83191
115,83191,83198
99,83199,83206
114,83206,83213
72,83214,83221
97,83221,83228
9,83229,83236
72,83237,83244
82,83244,83251
109,83252,83259
79,83259,83266
17,83267,83274
14,83274,83281
2,83282,83289
97,83289,83296
98,83297,83304
102,83304,83311
69,83312,83319
107,83319,83326
77,83327,83334
44,83334,83341
114,83342,83349
94,83349,83356
108,83357,83364
12,83364,83371
56,83372,83379
87,83379,83386
8,83387,83394
115,83395,83402
50,83402,83409
94,83410,83417
111,83417,83424
87,83425,83432
103,83432,83439
10,83440,83447
79,83447,83454
47,83455,83462
42,83462,83469
108,83470,83477
67,83477,83484
87,83485,83492
19,83492,83499
62,83500,83507
116,83507,83514
29,83515,83522
69,83522,83529
41,83530,83537
33,83537,83545
112,83545,83552
79,83553,83560
2,83560,83567
72,83568,83575
43,83575,83582
88,83583,83590
106,83590,83597
15,83598,83605
38,83605,83612
85,83613,83620
52,83620,83627
51,83628,83635
49,83635,83642
3,83643,83650
66,83650,83657
94,83658,83665
39,83665,83672
96,83673,83680
83,83680,83687
101,83688,83695
27,83696,83703
60,83703,83710
64,83711,83718
95,83718,83725
4,83726,83733
87,83733,83740
95,83741,83748
88,83748,83755
13,83756,83763
35,83763,83770
62,83771,83778
106,83778,83785
9,83786,83793
13,83793,83800
20,83801,83808
108,83808,83815
35,83816,83823
32,83823,83830
96,83831,83839
41,83839,83846
42,83847,83854
26,83855,83862
80,83862,83869
92,83870,83877
43,83877,83884
31,83885,83892
97,83892,83899
0,83900,83907
21,83907,83914
44,83915,83922
81,83922,83929
84,83930,83937
114,83937,83944
21,83945,83952
46,83952,83959
34,83960,83967
17,83967,83974
15,83975,83982
47,83982,83989
78,83990,83997
33,83997,84005
51,84005,84012
9,84013,84020
115,84020,84027
116,84028,84035
106,84035,84042
22,84043,84050
69,84050,84057
64,84058,84065
15,84065,84072
42,84073,84080
19,84080,84087
74,84088,84095
22,84095,84102
68,84103,84110
2,84110,84117
70,84118,84125
49,84125,84132
77,84133,84140
99,84140,84147
21,84148,84155
113,84155,84163
39,84163,84170
23,84171,84178
56,84178,84185
42,84186,84193
111,84193,84200
17,84201,84208
50,84208,84215
9,84216,84223
71,84223,84230
79,84231,84238
48,84238,84245
33,84246,84253
76,84253,84260
52,84261,84268
56,84268,84275
11,84276,84283
23,84283,84290
50,84291,84298
84,84298,84305
51,84306,84313
51,84314,84321
81,84321,84328
47,84329,84336
111,84336,84343
42,84344,84351
96,84351,84358
33,84359,84366
103,84366,84373
90,84374,84381
89,84381,84388
2,84389,84396
44,84396,84403
60,84404,84411
85,84411,84418
88,84419,84426
3,84426,84433
54,84434,84441
12,84441,84448
116,84449,84456
63,84456,84463
59,84464,84471
47,84472,84479
20,84479,84486
31,84487,84494
35,84494,84501
60,84502,84509
106,84509,84516
16,84517,84524
10,84524,84531
32,84532,84539
32,84539,84546
34,84547,84554
94,84554,84561
114,84562,84569
6,84569,84576
94,84577,84584
50,84584,84591
82,84592,84599
61,84599,84606
81,84607,84614
47,84614,84622
51,84622,84629
96,84630,84637
29,84637,84644
52,84645,84652
34,84652,84659
1,84660,84667
49,84667,84674
16,84675,84682
25,84682,84689
93,84690,84697
2,84697,84704
86,84705,84712
93,84712,84719
113,84720,84727
11,84727,84734
107,84735,84742
50,84742,84749
54,84750,84757
43,84757,84764
51,84765,84772
19,84772,84780
13,84780,84787
19,84788,84795
21,84795,84802
49,84803,84810
97,84810,84817
24,84818,84825
70,84825,84832
32,84833,84840
58,84840,84847
83,84848,84855
60,84855,84862
65,84863,84870
20,84870,84877
34,84878,84885
111,84885,84892
102,84893,84900
112,84900,84907
30,84908,84915
108,84915,84922
28,84923,84930
74,84931,84938
28,84938,84945
61,84946,84953
55,84953,84960
104,84961,84968
62,84968,84975
112,84976,84983
2,84983,84990
111,84991,84998
115,84998,85005
8,85006,85013
1,85013,85020
51,85021,85028
45,85028,85035
37,85036,85043
0,85043,85050
53,85051,85058
12,85058,85065
112,85066,85073
109,85073,85080
14,85081,85088
91,85089,85096
37,85096,85103
70,85104,85111
105,85111,85118
65,85119,85126
40,85126,85133
106,85134,85141
108,85141,85148
92,85149,85156
78,85156,85163
95,85164,85171
25,85171,85178
35,85179,85186
47,85186,85193
91,85194,85201
45,85201,85208
22,85209,85216
87,85216,85223
57,85224,85231
27,85231,85239
13,85239,85246
15,85247,85254
24,85254,85261
115,85262,85269
63,85269,85276
25,85277,85284
115,85284,85291
112,85292,85299
17,85299,85306
58,85307,85314
51,85314,85321
44,85322,85329
90,85329,85336
115,85337,85344
82,85344,85351
29,85352,85359
90,85359,85366
94,85367,85374
72,85374,85381
102,85382,85389
109,85389,85397
36,85397,85404
39,85405,85412
26,85412,85419
52,85420,85427
46,85427,85434
109,85435,85442
7,85442,85449
57,85450,85457
44,85457,85464
67,85465,85472
0,85472,85479
21,85480,85487
114,85487,85494
-1,85495,85502
95,85502,85509
60,85510,85517
107,85517,85524
110,85525,85532
5,85532,85539
104,85540,85547
104,85548,85555
47,85555,85562
4,85563,85570
20,85570,85577
104,85578,85585
83,85585,85592
90,85593,85600
94,85600,85607
37,85608,85615
55,85615,85622
27,85623,85630
28,85630,85637
48,85638,85645
109,85645,85652
68,85653,85660
29,85660,85667
7,85668,85675
-1,85675,85682
6,85683,85690
40,85690,85697
81,85698,85705
41,85706,85713
87,85713,85720
22,85721,85728
35,85728,85735
27,85736,85743
68,85743,85750
1,85751,85758
53,85758,85765
74,85766,85773
-1,85773,85780
50,85781,85788
84,85788,85795
49,85796,85803
21,85803,85810
29,85811,85818
74,85818,85825
11,85826,85833
76,85833,85840
84,85841,85848
39,85848,85856
29,85856,85863
100,85864,85871
39,85871,85878
18,85879,85886
87,85886,85893
48,85894,85901
27,85901,85908
100,85909,85916
115,85916,85923
52,85924,85931
47,85931,85938
100,85939,85946
99,85946,85953
35,85954,85961
13,85961,85968
94,85969,85976
47,85976,85983
78,85984,85991
87,85991,85998
79,85999,86006
3,86006,86014
5,86014,86021
20,86022,86029
71,86029,86036
30,86037,86044
101,86044,86051
86,86052,86059
44,86059,86066
92,86067,86074
22,86074,86081
102,86082,86089
115,86089,86096
108,86097,86104
11,86104,86111
39,86112,86119
26,86119,86126
10,86127,86134
72,86134,86141
40,86142,86149
81,86149,86156
83,86157,86164
46,86165,86172
112,86172,86179
11,86180,86187
22,86187,86194
66,86195,86202
59,86202,86209
20,86210,86217
63,86217,86224
81,86225,86232
112,86232,86239
116,86240,86247
77,86247,86254
102,86255,86262
16,86262,86269
32,86270,86277
37,86277,86284
89,86285,86292
13,86292,86299
43,86300,86307
12,86307,86314
62,86315,86322
73,86323,86330
94,86330,86337
96,86338,86345
60,86345,86352
57,86353,86360
110,86360,86367
85,86368,86375
26,86375,86382
40,86383,86390
14,86390,86397
98,86398,86405
91,86405,86412
73,86413,86420
45,86420,86427
69,86428,86435
105,86435,86442
22,86443,86450
93,86450,86457
89,86458,86465
86,86465,86473
35,86473,86480
115,86481,86488
9,86488,86495
36,86496,86503
99,86503,86510
101,86511,86518
64,86518,86525
69,86526,86533
54,86533,86540
6,86541,86548
32,86548,86555
75,86556,86563
111,86563,86570
73,86571,86578
77,86578,86585
9,86586,86593
10,86593,86600
20,86601,86608
82,86608,86615
59,86616,86623
73,86623,86631
85,86631,86638
53,86639,86646
115,86646,86653
54,86654,86661
61,86661,86668
82,86669,86676
91,86676,86683
14,86684,86691
24,86691,86698
92,86699,86706
115,86706,86713
103,86714,86721
115,86721,86728
47,86729,86736
33,86736,86743
6,86744,86751
101,86751,86758
70,86759,86766
112,86766,86773
22,86774,86781
23,86782,86789
47,86789,86796
14,86797,86804
47,86804,86811
64,86812,86819
16,86819,86826
114,86827,86834
99,86834,86841
31,86842,86849
115,86849,86856
14,86857,86864
89,86864,86871
87,86872,86879
35,86879,86886
42,86887,86894
110,86894,86901
49,86902,86909
80,86909,86916
100,86917,86924
79,86924,86931
33,86932,86939
42,86940,86947
57,86947,86954
6,86955,86962
102,86962,86969
42,86970,86977
41,86977,86984
79,86985,86992
12,86992,86999
12,87000,87007
24,87007,87014
10,87015,87022
74,87022,87029
26,87030,87037
106,87037,87044
40,87045,87052
77,87052,87059
96,87060,87067
112,87067,87074
95,87075,87082
46,87082,87090
69,87090,87097
56,87098,87105
24,87105,87112
104,87113,87120
96,87120,87127
52,87128,87135
82,87135,87142
106,87143,87150
109,87150,87157
79,87158,87165
52,87165,87172
14,87173,87180
86,87180,87187
58,87188,87195
81,87195,87202
43,87203,87210
91,87210,87217
95,87218,87225
67,87225,87232
30,87233,87240
89,87240,87248
113,87248,87255
66,87256,87263
106,87263,87270
80,87271,87278
59,87278,87285
46,87286,87293
78,87293,87300
24,87301,87308
60,87308,87315
67,87316,87323
20,87323,87330
18,87331,87338
104,87338,87345
9,87346,87353
17,87353,87360
40,87361,87368
33,87368,87375
87,87376,87383
14,87383,87390
47,87391,87398
93,87399,87406
50,87406,87413
85,87414,87421
56,87421,87428
4,87429,87436
27,87436,87443
74,87444,87451
9,87451,87458
68,87459,87466
95,87466,87473
93,87474,87481
33,87481,87488
7,87489,87496
93,87496,87503
54,87504,87511
50,87511,87518
49,87519,87526
88,87526,87533
39,87534,87541
46,87541,87548
8,87549,87556
62,87557,87564
91,87564,87571
38,87572,87579
108,87579,87586
86,87587,87594
39,87594,87601
79,87602,87609
88,87609,87616
75,87617,87624
74,87624,87631
16,87632,87639
14,87639,87646
94,87647,87654
27,87654,87661
115,87662,87669
49,87669,87676
28,87677,87684
49,87684,87691
4,87692,87699
110,87699,87707
62,87707,87714
111,87715,87722
107,87722,87729
52,87730,87737
49,87737,87744
95,87745,87752
37,87752,87759
0,87760,87767
65,87767,87774
51,87775,87782
108,87782,87789
14,87790,87797
61,87797,87804
65,87805,87812
51,87812,87819
63,87820,87827
60,87827,87834
41,87835,87842
4,87842,87849
90,87850,87857
61,87857,87865
117,87865,87872
33,87873,87880
17,87880,87887
46,87888,87895
26,87895,87902
90,87903,87910
16,87910,87917
23,87918,87925
11,87925,87932
6,87933,87940
55,87940,87947
102,87948,87955
95,87955,87962
69,87963,87970
98,87970,87977
93,87978,87985
105,87985,87992
52,87993,88000
76,88000,88007
37,88008,88015
95,88016,88023
103,88023,88030
21,88031,88038
14,88038,88045
8,88046,88053
93,88053,88060
96,88061,88068
46,88068,88075
24,88076,88083
62,88083,88090
66,88091,88098
15,88098,88105
80,88106,88113
30,88113,88120
23,88121,88128
16,88128,88135
62,88136,88143
11,88143,88150
18,88151,88158
8,88158,88165
25,88166,88173
57,88174,88181
74,88181,88188
85,88189,88196
63,88196,88203
60,88204,88211
22,88211,88218
103,88219,88226
12,88226,88233
30,88234,88241
77,88241,88248
92,88249,88256
54,88256,88263
72,88264,88271
85,88271,88278
96,88279,88286
66,88286,88293
57,88294,88301
112,88301,88308
76,88309,88316
6,88316,88324
55,88324,88331
90,88332,88339
17,88339,88346
19,88347,88354
51,88354,88361
17,88362,88369
80,88369,88376
6,88377,88384
111,88384,88391
75,88392,88399
88,88399,88406
11,88407,88414
39,88414,88421
113,88422,88429
94,88429,88436
93,88437,88444
85,88444,88451
65,88452,88459
63,88459,88466
34,88467,88474
71,88474,88482
69,88482,88489
33,88490,88497
16,88497,88504
99,88505,88512
3,88512,88519
56,88520,88527
28,88527,88534
66,88535,88542
107,88542,88549
101,88550,88557
60,88557,88564
11,88565,88572
115,88572,88579
14,88580,88587
30,88587,88594
101,88595,88602
78,88602,88609
85,88610,88617
24,88617,88624
25,88625,88632
13,88633,88640
21,88640,88647
114,88648,88655
28,88655,88662
83,88663,88670
82,88670,88677
110,88678,88685
40,88685,88692
107,88693,88700
55,88700,88707
79,88708,88715
89,88715,88722
27,88723,88730
92,88730,88737
13,88738,88745
113,88745,88752
101,88753,88760
28,88760,88767
71,88768,88775
20,88775,88782
4,88783,88790
90,88791,88798
28,88798,88805
19,88806,88813
33,88813,88820
8,88821,88828
67,88828,88835
56,88836,88843
40,88843,88850
115,88851,88858
68,88858,88865
93,88866,88873
106,88873,88880
0,88881,88888
24,88888,88895
38,88896,88903
2,88903,88910
5,88911,88918
110,88918,88925
17,88926,88933
115,88933,88941
56,88941,88948
70,88949,88956
53,88956,88963
88,88964,88971
116,88971,88978
5,88979,88986
85,88986,88993
26,88994,89001
101,89001,89008
24,89009,89016
107,89016,89023
84,89024,89031
94,89031,89038
30,89039,89046
70,89046,89053
11,89054,89061
55,89061,89068
105,89069,89076
4,89076,89083
44,89084,89091
58,89091,89099
116,89099,89106
116,89107,89114
114,89114,89121
110,89122,89129
66,89129,89136
95,89137,89144
57,89144,89151
48,89152,89159
62,89159,89166
6,89167,89174
63,89174,89181
49,89182,89189
105,89189,89196
34,89197,89204
91,89204,89211
68,89212,89219
21,89219,89226
50,89227,89234
98,89234,89241
9,89242,89249
44,89250,89257
87,89257,89264
12,89265,89272
55,89272,89279
27,89280,89287
98,89287,89294
103,89295,89302
29,89302,89309
73,89310,89317
67,89317,89324
95,89325,89332
74,89332,89339
114,89340,89347
5,89347,89354
74,89355,89362
106,89362,89369
111,89370,89377
19,89377,89384
39,89385,89392
29,89392,89399
92,89400,89407
56,89408,89415
5,89415,89422
113,89423,89430
40,89430,89437
52,89438,89445
94,89445,89452
26,89453,89460
18,89460,89467
30,89468,89475
53,89475,89482
84,89483,89490
51,89490,89497
72,89498,89505
43,89505,89512
113,89513,89520
3,89520,89527
29,89528,89535
42,89535,89542
2,89543,89550
62,89550,89558
39,89558,89565
53,89566,89573
36,89573,89580
25,89581,89588
63,89588,89595
54,89596,89603
95,89603,89610
114,89611,89618
48,89618,89625
49,89626,89633
84,89633,89640
92,89641,89648
111,89648,89655
42,89656,89663
2,89663,89670
71,89671,89678
4,89678,89685
37,89686,89693
61,89693,89700
10,89701,89708
80,89708,89716
100,89716,89723
30,89724,89731
92,89731,89738
20,89739,89746
0,89746,89753
69,89754,89761
46,89761,89768
3,89769,89776
41,89776,89783
81,89784,89791
94,89791,89798
94,89799,89806
4,89806,89813
67,89814,89821
12,89821,89828
113,89829,89836
93,89836,89843
117,89844,89851
94,89851,89858
87,89859,89866
73,89867,89874
34,89874,89881
23,89882,89889
46,89889,89896
31,89897,89904
34,89904,89911
70,89912,89919
77,89919,89926
71,89927,89934
53,89934,89941
31,89942,89949
59,89949,89956
67,89957,89964
57,89964,89971
43,89972,89979
71,89979,89986
113,89987,89994
9,89994,90001
34,90002,90009
48,90009,90016
37,90017,90024
112,90025,90032
2,90032,90039
3,90040,90047
9,90047,90054
43,90055,90062
47,90062,90069
91,90070,90077
13,90077,90084
109,90085,90092
22,90092,90099
3,90100,90107
24,90107,90114
75,90115,90122
41,90122,90129
97,90130,90137
12,90137,90144
51,90145,90152
52,90152,90159
69,90160,90167
73,90167,90175
32,90175,90182
71,90183,90190
93,90190,90197
57,90198,90205
90,90205,90212
75,90213,90220
80,90220,90227
35,90228,90235
88,90235,90242
89,90243,90250
18,90250,90257
23,90258,90265
113,90265,90272
-1,90273,90280
63,90280,90287
47,90288,90295
3,90295,90302
15,90303,90310
43,90310,90317
86,90318,90325
106,90325,90333
64,90333,90340
100,90341,90348
10,90348,90355
28,90356,90363
92,90363,90370
50,90371,90378
108,90378,90385
64,90386,90393
82,90393,90400
41,90401,90408
24,90408,90415
63,90416,90423
105,90423,90430
12,90431,90438
14,90438,90445
91,90446,90453
49,90453,90460
33,90461,90468
106,90468,90475
105,90476,90483
71,90484,90491
110,90491,90498
6,90499,90506
61,90506,90513
91,90514,90521
23,90521,90528
100,90529,90536
58,90536,90543
1,90544,90551
59,90551,90558
27,90559,90566
111,90566,90573
37,90574,90581
58,90581,90588
34,90589,90596
64,90596,90603
56,90604,90611
71,90611,90618
58,90619,90626
57,90626,90633
34,90634,90641
41,90642,90649
51,90649,90656
10,90657,90664
103,90664,90671
40,90672,90679
105,90679,90686
41,90687,90694
78,90694,90701
53,90702,90709
65,90709,90716
61,90717,90724
3,90724,90731
91,90732,90739
106,90739,90746
46,90747,90754
7,90754,90761
15,90762,90769
116,90769,90776
90,90777,90784
55,90784,90792
58,90792,90799
107,90800,90807
99,90807,90814
66,90815,90822
93,90822,90829
89,90830,90837
9,90837,90844
82,90845,90852
84,90852,90859
30,90860,90867
109,90867,90874
113,90875,90882
58,90882,90889
52,90890,90897
1,90897,90904
45,90905,90912
58,90912,90919
117,90920,90927
114,90927,90934
4,90935,90942
12,90942,90950
48,90950,90957
80,90958,90965
49,90965,90972
6,90973,90980
33,90980,90987
93,90988,90995
87,90995,91002
80,91003,91010
10,91010,91017
86,91018,91025
104,91025,91032
6,91033,91040
7,91040,91047
47,91048,91055
106,91055,91062
93,91063,91070
21,91070,91077
28,91078,91085
80,91085,91092
100,91093,91100
76,91101,91108
55,91108,91115
106,91116,91123
109,91123,91130
46,91131,91138
105,91138,91145
73,91146,91153
45,91153,91160
64,91161,91168
46,91168,91175
62,91176,91183
85,91183,91190
89,91191,91198
71,91198,91205
72,91206,91213
3,91213,91220
90,91221,91228
79,91228,91235
92,91236,91243
106,91243,91250
9,91251,91258
65,91259,91266
64,91266,91273
90,91274,91281
109,91281,91288
58,91289,91296
80,91296,91303
48,91304,91311
93,91311,91318
24,91319,91326
42,91326,91333
95,91334,91341
61,91341,91348
56,91349,91356
112,91356,91363
106,91364,91371
8,91371,91378
82,91379,91386
108,91386,91393
44,91394,91401
63,91401,91409
13,91409,91416
44,91417,91424
76,91424,91431
59,91432,91439
83,91439,91446
117,91447,91454
59,91454,91461
55,91462,91469
29,91469,91476
20,91477,91484
117,91484,91491
116,91492,91499
64,91499,91506
74,91507,91514
68,91514,91521
85,91522,91529
47,91529,91536
84,91537,91544
86,91544,91551
15,91552,91559
92,91559,91567
29,91567,91574
71,91575,91582
15,91582,91589
86,91590,91597
97,91597,91604
-1,91605,91612
48,91612,91619
88,91620,91627
85,91627,91634
113,91635,91642
98,91642,91649
51,91650,91657
15,91657,91664
44,91665,91672
63,91672,91679
36,91680,91687
16,91687,91694
80,91695,91702
6,91702,91709
52,91710,91717
75,91718,91725
40,91725,91732
61,91733,91740
107,91740,91747
56,91748,91755
57,91755,91762
69,91763,91770
96,91770,91777
49,91778,91785
60,91785,91792
116,91793,91800
104,91800,91807
97,91808,91815
50,91815,91822
12,91823,91830
89,91830,91837
103,91838,91845
41,91845,91852
59,91853,91860
109,91860,91867
22,91868,91875
29,91876,91883
117,91883,91890
108,91891,91898
92,91898,91905
34,91906,91913
14,91913,91920
5,91921,91928
17,91928,91935
98,91936,91943
74,91943,91950
55,91951,91958
38,91958,91965
68,91966,91973
63,91973,91980
41,91981,91988
107,91988,91995
8,91996,92003
96,92003,92010
113,92011,92018
54,92018,92026
105,92026,92033
16,92034,92041
22,92041,92048
96,92049,92056
24,92056,92063
5,92064,92071
38,92071,92078
61,92079,92086
-1,92086,92093
48,92094,92101
34,92101,92108
86,92109,92116
20,92116,92123
36,92124,92131
107,92131,92138
37,92139,92146
76,92146,92153
34,92154,92161
59,92161,92168
81,92169,92176
89,92176,92184
12,92184,92191
45,92192,92199
77,92199,92206
0,92207,92214
20,92214,92221
18,92222,92229
34,92229,92236
94,92237,92244
45,92244,92251
81,92252,92259
50,92259,92266
15,92267,92274
73,92274,92281
17,92282,92289
104,92289,92296
107,92297,92304
117,92304,92311
43,92312,92319
103,92319,92326
90,92327,92334
80,92335,92342
109,92342,92349
22,92350,92357
106,92357,92364
100,92365,92372
48,92372,92379
28,92380,92387
4,92387,92394
12,92395,92402
94,92402,92409
35,92410,92417
100,92417,92424
18,92425,92432
20,92432,92439
81,92440,92447
43,92447,92454
27,92455,92462
59,92462,92469
110,92470,92477
30,92477,92484
72,92485,92492
84,92493,92500
117,92500,92507
82,92508,92515
96,92515,92522
43,92523,92530
58,92530,92537
32,92538,92545
8,92545,92552
78,92553,92560
43,92560,92567
110,92568,92575
74,92575,92582
15,92583,92590
73,92590,92597
22,92598,92605
85,92605,92612
109,92613,92620
100,92620,92627
72,92628,92635
58,92635,92642
56,92643,92650
25,92651,92658
6,92658,92665
42,92666,92673
108,92673,92680
75,92681,92688
87,92688,92695
87,92696,92703
13,92703,92710
76,92711,92718
86,92718,92725
84,92726,92733
24,92733,92740
106,92741,92748
67,92748,92755
34,92756,92763
116,92763,92770
27,92771,92778
36,92778,92785
53,92786,92793
86,92793,92801
43,92801,92808
101,92809,92816
59,92816,92823
86,92824,92831
84,92831,92838
16,92839,92846
91,92846,92853
14,92854,92861
88,92861,92868
12,92869,92876
32,92876,92883
92,92884,92891
110,92891,92898
56,92899,92906
81,92906,92913
30,92914,92921
4,92921,92928
86,92929,92936
91,92936,92943
36,92944,92951
70,92951,92959
92,92959,92966
98,92967,92974
112,92974,92981
80,92982,92989
34,92989,92996
67,92997,93004
20,93004,93011
53,93012,93019
72,93019,93026
49,93027,93034
33,93034,93041
59,93042,93049
53,93049,93056
106,93057,93064
101,93064,93071
101,93072,93079
45,93079,93086
83,93087,93094
48,93094,93101
104,93102,93109
80,93110,93117
103,93117,93124
79,93125,93132
113,93132,93139
2,93140,93147
107,93147,93154
102,93155,93162
40,93162,93169
104,93170,93177
73,93177,93184
54,93185,93192
78,93192,93199
43,93200,93207
89,93207,93214
87,93215,93222
13,93222,93229
35,93230,93237
20,93237,93244
32,93245,93252
116,93252,93259
83,93260,93267
-1,93268,93275
107,93275,93282
86,93283,93290
109,93290,93297
52,93298,93305
68,93305,93312
90,93313,93320
34,93320,93327
59,93328,93335
17,93335,93342
19,93343,93350
64,93350,93357
23,93358,93365
9,93365,93372
32,93373,93380
57,93380,93387
101,93388,93395
96,93395,93402
97,93403,93410
15,93410,93418
14,93418,93425
112,93426,93433
92,93433,93440
100,93441,93448
7,93448,93455
92,93456,93463
116,93463,93470
116,93471,93478
112,93478,93485
16,93486,93493
45,93493,93500
53,93501,93508
114,93508,93515
39,93516,93523
62,93523,93530
9,93531,93538
47,93538,93545
74,93546,93553
97,93553,93560
33,93561,93568
44,93568,93576
63,93576,93583
12,93584,93591
42,93591,93598
81,93599,93606
104,93606,93613
103,93614,93621
12,93621,93628
28,93629,93636
29,93636,93643
42,93644,93651
21,93651,93658
23,93659,93666
75,93666,93673
9,93674,93681
6,93681,93688
99,93689,93696
35,93696,93703
104,93704,93711
63,93711,93718
100,93719,93726
47,93727,93734
99,93734,93741
73,93742,93749
70,93749,93756
15,93757,93764
5,93764,93771
54,93772,93779
45,93779,93786
14,93787,93794
48,93794,93801
78,93802,93809
28,93809,93816
46,93817,93824
50,93824,93831
101,93832,93839
53,93839,93846
78,93847,93854
43,93854,93861
18,93862,93869
5,93869,93876
70,93877,93884
64,93885,93892
33,93892,93899
72,93900,93907
27,93907,93914
15,93915,93922
10,93922,93929
64,93930,93937
39,93937,93944
86,93945,93952
53,93952,93959
5,93960,93967
86,93967,93974
62,93975,93982
75,93982,93989
89,93990,93997
87,93997,94004
10,94005,94012
86,94012,94019
68,94020,94027
117,94027,94035
25,94035,94042
38,94043,94050
64,94050,94057
95,94058,94065
105,94065,94072
48,94073,94080
2,94080,94087
52,94088,94095
12,94095,94102
110,94103,94110
73,94110,94117
113,94118,94125
90,94125,94132
31,94133,94140
12,94140,94147
48,94148,94155
98,94155,94162
22,94163,94170
60,94170,94177
113,94178,94185
41,94185,94193
24,94193,94200
58,94201,94208
35,94208,94215
42,94216,94223
113,94223,94230
79,94231,94238
19,94238,94245
3,94246,94253
95,94253,94260
61,94261,94268
3,94268,94275
44,94276,94283
103,94283,94290
27,94291,94298
57,94298,94305
22,94306,94313
19,94313,94320
88,94321,94328
105,94328,94335
101,94336,94343
19,94344,94351
102,94351,94358
74,94359,94366
87,94366,94373
7,94374,94381
96,94381,94388
38,94389,94396
69,94396,94403
40,94404,94411
74,94411,94418
102,94419,94426
75,94426,94433
96,94434,94441
39,94441,94448
41,94449,94456
92,94456,94463
115,94464,94471
36,94471,94478
35,94479,94486
68,94486,94493
30,94494,94501
53,94502,94509
36,94509,94516
89,94517,94524
3,94524,94531
-1,94532,94539
41,94539,94546
27,94547,94554
65,94554,94561
104,94562,94569
7,94569,94576
50,94577,94584
25,94584,94591
52,94592,94599
111,94599,94606
115,94607,94614
8,94614,94621
67,94622,94629
18,94629,94636
55,94637,94644
35,94644,94652
74,94652,94659
18,94660,94667
89,94667,94674
95,94675,94682
53,94682,94689
114,94690,94697
103,94697,94704
8,94705,94712
20,94712,94719
24,94720,94727
32,94727,94734
30,94735,94742
8,94742,94749
107,94750,94757
43,94757,94764
33,94765,94772
7,94772,94779
10,94780,94787
0,94787,94794
83,94795,94802
44,94802,94810
12,94810,94817
29,94818,94825
68,94825,94832
91,94833,94840
113,94840,94847
10,94848,94855
109,94855,94862
109,94863,94870
29,94870,94877
106,94878,94885
67,94885,94892
41,94893,94900
90,94900,94907
115,94908,94915
117,94915,94922
54,94923,94930
3,94930,94937
77,94938,94945
18,94945,94952
0,94953,94960
45,94961,94968
98,94968,94975
13,94976,94983
62,94983,94990
112,94991,94998
100,94998,95005
60,95006,95013
78,95013,95020
102,95021,95028
5,95028,95035
106,95036,95043
38,95043,95050
7,95051,95058
17,95058,95065
81,95066,95073
46,95073,95080
21,95081,95088
62,95088,95095
-1,95096,95103
93,95103,95110
92,95111,95118
40,95119,95126
26,95126,95133
22,95134,95141
82,95141,95148
11,95149,95156
49,95156,95163
65,95164,95171
70,95171,95178
71,95179,95186
107,95186,95193
87,95194,95201
57,95201,95208
-1,95209,95216
44,95216,95223
37,95224,95231
12,95231,95238
11,95239,95246
29,95246,95253
90,95254,95261
111,95261,95268
43,95269,95276
69,95277,95284
9,95284,95291
21,95292,95299
97,95299,95306
21,95307,95314
32,95314,95321
30,95322,95329
85,95329,95336
2,95337,95344
88,95344,95351
42,95352,95359
7,95359,95366
98,95367,95374
71,95374,95381
64,95382,95389
40,95389,95396
101,95397,95404
66,95404,95411
43,95412,95419
50,95419,95427
1,95427,95434
21,95435,95442
80,95442,95449
3,95450,95457
93,95457,95464
32,95465,95472
55,95472,95479
31,95480,95487
97,95487,95494
46,95495,95502
54,95502,95509
39,95510,95517
87,95517,95524
26,95525,95532
6,95532,95539
98,95540,95547
14,95547,95554
29,95555,95562
82,95562,95569
30,95570,95577
18,95577,95585
98,95585,95592
96,95593,95600
71,95600,95607
21,95608,95615
8,95615,95622
104,95623,95630
85,95630,95637
88,95638,95645
34,95645,95652
56,95653,95660
110,95660,95667
79,95668,95675
48,95675,95682
74,95683,95690
54,95690,95697
73,95698,95705
60,95705,95712
109,95713,95720
70,95720,95727
40,95728,95735
72,95736,95743
35,95743,95750
75,95751,95758
112,95758,95765
21,95766,95773
15,95773,95780
82,95781,95788
31,95788,95795
115,95796,95803
92,95803,95810
101,95811,95818
29,95818,95825
96,95826,95833
5,95833,95840
83,95841,95848
6,95848,95855
23,95856,95863
45,95863,95870
63,95871,95878
34,95878,95885
64,95886,95893
75,95894,95901
55,95901,95908
42,95909,95916
16,95916,95923
44,95924,95931
108,95931,95938
65,95939,95946
47,95946,95953
72,95954,95961
57,95961,95968
107,95969,95976
96,95976,95983
13,95984,95991
115,95991,95998
32,95999,96006
68,96006,96013
77,96014,96021
63,96021,96028
59,96029,96036
52,96036,96044
66,96044,96051
15,96052,96059
86,96059,96066
23,96067,96074
91,96074,96081
10,96082,96089
78,96089,96096
31,96097,96104
